{
"meta":{"test_sets":[],"test_metrics":[],"learn_metrics":[{"best_value":"Min","name":"Logloss"}],"launch_mode":"Train","parameters":"","iteration_count":1000,"learn_sets":["learn"],"name":"experiment"},
"iterations":[
{"learn":[0.6450204054],"iteration":0,"passed_time":0.005639152807,"remaining_time":5.633513654},
{"learn":[0.5987165155],"iteration":1,"passed_time":0.01143222694,"remaining_time":5.704681241},
{"learn":[0.540577983],"iteration":2,"passed_time":0.01580509463,"remaining_time":5.252559783},
{"learn":[0.4869410464],"iteration":3,"passed_time":0.02037921245,"remaining_time":5.0744239},
{"learn":[0.4487186057],"iteration":4,"passed_time":0.02517262163,"remaining_time":5.009351704},
{"learn":[0.4175072129],"iteration":5,"passed_time":0.02823128466,"remaining_time":4.676982825},
{"learn":[0.3744017936],"iteration":6,"passed_time":0.03219769484,"remaining_time":4.567472996},
{"learn":[0.3344235494],"iteration":7,"passed_time":0.03652979933,"remaining_time":4.529695118},
{"learn":[0.3012699221],"iteration":8,"passed_time":0.04100664476,"remaining_time":4.515287217},
{"learn":[0.2711270861],"iteration":9,"passed_time":0.04530018108,"remaining_time":4.484717927},
{"learn":[0.2458003894],"iteration":10,"passed_time":0.04939100217,"remaining_time":4.440700104},
{"learn":[0.2306063869],"iteration":11,"passed_time":0.05375922925,"remaining_time":4.426176542},
{"learn":[0.213041151],"iteration":12,"passed_time":0.05801220342,"remaining_time":4.404464983},
{"learn":[0.2038703969],"iteration":13,"passed_time":0.06139630993,"remaining_time":4.324054399},
{"learn":[0.1866630624],"iteration":14,"passed_time":0.06552870784,"remaining_time":4.303051815},
{"learn":[0.1703858272],"iteration":15,"passed_time":0.06971332573,"remaining_time":4.287369532},
{"learn":[0.1583236506],"iteration":16,"passed_time":0.07360077361,"remaining_time":4.255856497},
{"learn":[0.147151119],"iteration":17,"passed_time":0.0775944638,"remaining_time":4.233209081},
{"learn":[0.1342628984],"iteration":18,"passed_time":0.08272571598,"remaining_time":4.271259336},
{"learn":[0.1262923566],"iteration":19,"passed_time":0.08825593974,"remaining_time":4.324541047},
{"learn":[0.1164745028],"iteration":20,"passed_time":0.09380542755,"remaining_time":4.373119694},
{"learn":[0.1067399863],"iteration":21,"passed_time":0.09830650838,"remaining_time":4.370171145},
{"learn":[0.1007079508],"iteration":22,"passed_time":0.10272045,"remaining_time":4.363386071},
{"learn":[0.09490723837],"iteration":23,"passed_time":0.1068031991,"remaining_time":4.343330096},
{"learn":[0.08846234386],"iteration":24,"passed_time":0.1112436566,"remaining_time":4.338502608},
{"learn":[0.08067932969],"iteration":25,"passed_time":0.1159725778,"remaining_time":4.344511182},
{"learn":[0.07503144791],"iteration":26,"passed_time":0.1203465781,"remaining_time":4.33693409},
{"learn":[0.0710366865],"iteration":27,"passed_time":0.1258656363,"remaining_time":4.36933566},
{"learn":[0.06670535705],"iteration":28,"passed_time":0.1300827779,"remaining_time":4.355530255},
{"learn":[0.06219295067],"iteration":29,"passed_time":0.1342929437,"remaining_time":4.342138512},
{"learn":[0.05891742549],"iteration":30,"passed_time":0.1384210117,"remaining_time":4.326772913},
{"learn":[0.0551502625],"iteration":31,"passed_time":0.1425642243,"remaining_time":4.312567785},
{"learn":[0.05238947338],"iteration":32,"passed_time":0.1464781734,"remaining_time":4.292254353},
{"learn":[0.05021668659],"iteration":33,"passed_time":0.1498902344,"remaining_time":4.25864607},
{"learn":[0.04699220848],"iteration":34,"passed_time":0.1541969308,"remaining_time":4.251429663},
{"learn":[0.04373776766],"iteration":35,"passed_time":0.1585999869,"remaining_time":4.246955205},
{"learn":[0.04156608511],"iteration":36,"passed_time":0.1629817349,"remaining_time":4.241930019},
{"learn":[0.03904593259],"iteration":37,"passed_time":0.1671465369,"remaining_time":4.231446539},
{"learn":[0.03681090286],"iteration":38,"passed_time":0.1715054126,"remaining_time":4.22606927},
{"learn":[0.03469734002],"iteration":39,"passed_time":0.1757869415,"remaining_time":4.218886595},
{"learn":[0.03268655945],"iteration":40,"passed_time":0.179867541,"remaining_time":4.207145653},
{"learn":[0.03078545503],"iteration":41,"passed_time":0.1838391619,"remaining_time":4.19328374},
{"learn":[0.02892951055],"iteration":42,"passed_time":0.1876717343,"remaining_time":4.176787203},
{"learn":[0.02706860406],"iteration":43,"passed_time":0.1916650536,"remaining_time":4.164358893},
{"learn":[0.02601940691],"iteration":44,"passed_time":0.1957515672,"remaining_time":4.15428326},
{"learn":[0.02465257278],"iteration":45,"passed_time":0.199656896,"remaining_time":4.140710408},
{"learn":[0.02360295407],"iteration":46,"passed_time":0.203517522,"remaining_time":4.12664252},
{"learn":[0.02249338419],"iteration":47,"passed_time":0.207442827,"remaining_time":4.114282735},
{"learn":[0.02126291987],"iteration":48,"passed_time":0.2112235509,"remaining_time":4.09946116},
{"learn":[0.02028727246],"iteration":49,"passed_time":0.2150161112,"remaining_time":4.085306113},
{"learn":[0.01956697333],"iteration":50,"passed_time":0.2187852091,"remaining_time":4.071120852},
{"learn":[0.01874113594],"iteration":51,"passed_time":0.2226646086,"remaining_time":4.059347095},
{"learn":[0.01815625525],"iteration":52,"passed_time":0.2265329823,"remaining_time":4.04767423},
{"learn":[0.01765388231],"iteration":53,"passed_time":0.2307554962,"remaining_time":4.042494433},
{"learn":[0.01680884469],"iteration":54,"passed_time":0.2347114312,"remaining_time":4.032769137},
{"learn":[0.01627410267],"iteration":55,"passed_time":0.2385238269,"remaining_time":4.020830226},
{"learn":[0.01557547791],"iteration":56,"passed_time":0.2425735559,"remaining_time":4.013102863},
{"learn":[0.0151770377],"iteration":57,"passed_time":0.2464660559,"remaining_time":4.002948701},
{"learn":[0.01440687923],"iteration":58,"passed_time":0.2505368022,"remaining_time":3.995849676},
{"learn":[0.0140187391],"iteration":59,"passed_time":0.2546075993,"remaining_time":3.988852389},
{"learn":[0.0134678105],"iteration":60,"passed_time":0.2587092168,"remaining_time":3.982425486},
{"learn":[0.01299564427],"iteration":61,"passed_time":0.26279143,"remaining_time":3.975780022},
{"learn":[0.01255114725],"iteration":62,"passed_time":0.2666775254,"remaining_time":3.966299068},
{"learn":[0.01209711601],"iteration":63,"passed_time":0.2705468813,"remaining_time":3.956748139},
{"learn":[0.01156172155],"iteration":64,"passed_time":0.2745530306,"remaining_time":3.949339748},
{"learn":[0.01115000764],"iteration":65,"passed_time":0.278590913,"remaining_time":3.942483526},
{"learn":[0.01063363132],"iteration":66,"passed_time":0.2825060943,"remaining_time":3.934002776},
{"learn":[0.01018473836],"iteration":67,"passed_time":0.2865149898,"remaining_time":3.926940743},
{"learn":[0.009917781506],"iteration":68,"passed_time":0.2904662931,"remaining_time":3.919190129},
{"learn":[0.009568599761],"iteration":69,"passed_time":0.2944909565,"remaining_time":3.912522708},
{"learn":[0.009434412535],"iteration":70,"passed_time":0.2985402927,"remaining_time":3.906252563},
{"learn":[0.009173412035],"iteration":71,"passed_time":0.3024559657,"remaining_time":3.898321336},
{"learn":[0.008803237294],"iteration":72,"passed_time":0.3072213709,"remaining_time":3.901290559},
{"learn":[0.008676191472],"iteration":73,"passed_time":0.3117422664,"remaining_time":3.900991064},
{"learn":[0.008369548028],"iteration":74,"passed_time":0.3162301872,"remaining_time":3.900172308},
{"learn":[0.008228926352],"iteration":75,"passed_time":0.320199833,"remaining_time":3.892955864},
{"learn":[0.007965774382],"iteration":76,"passed_time":0.3246590333,"remaining_time":3.891692049},
{"learn":[0.007749231777],"iteration":77,"passed_time":0.3294123756,"remaining_time":3.893823209},
{"learn":[0.007488478081],"iteration":78,"passed_time":0.333809339,"remaining_time":3.891625332},
{"learn":[0.007324314436],"iteration":79,"passed_time":0.3382703983,"remaining_time":3.890109581},
{"learn":[0.007124272862],"iteration":80,"passed_time":0.3427075731,"remaining_time":3.888250119},
{"learn":[0.007018104977],"iteration":81,"passed_time":0.3482235041,"remaining_time":3.898404595},
{"learn":[0.006775992125],"iteration":82,"passed_time":0.3522914559,"remaining_time":3.892183916},
{"learn":[0.006700620239],"iteration":83,"passed_time":0.3564069634,"remaining_time":3.886533077},
{"learn":[0.006620975183],"iteration":84,"passed_time":0.3608867108,"remaining_time":3.884839298},
{"learn":[0.00651455588],"iteration":85,"passed_time":0.3654754373,"remaining_time":3.88423895},
{"learn":[0.006456149199],"iteration":86,"passed_time":0.3698636501,"remaining_time":3.881442672},
{"learn":[0.006319496609],"iteration":87,"passed_time":0.3750809832,"remaining_time":3.887202916},
{"learn":[0.006158312986],"iteration":88,"passed_time":0.379789819,"remaining_time":3.887511518},
{"learn":[0.005999901745],"iteration":89,"passed_time":0.3842947787,"remaining_time":3.885647207},
{"learn":[0.005825776598],"iteration":90,"passed_time":0.3892182116,"remaining_time":3.887904993},
{"learn":[0.005773427157],"iteration":91,"passed_time":0.393490369,"remaining_time":3.88357886},
{"learn":[0.005571332147],"iteration":92,"passed_time":0.3980222291,"remaining_time":3.881786686},
{"learn":[0.005364964975],"iteration":93,"passed_time":0.4024310089,"remaining_time":3.878749937},
{"learn":[0.005209143884],"iteration":94,"passed_time":0.4072190758,"remaining_time":3.879297512},
{"learn":[0.005106594711],"iteration":95,"passed_time":0.4118867422,"remaining_time":3.878600156},
{"learn":[0.004927928457],"iteration":96,"passed_time":0.4165500487,"remaining_time":3.87778035},
{"learn":[0.004838269653],"iteration":97,"passed_time":0.4210646304,"remaining_time":3.875513231},
{"learn":[0.004738660585],"iteration":98,"passed_time":0.4257883608,"remaining_time":3.875104173},
{"learn":[0.004622656738],"iteration":99,"passed_time":0.4307649989,"remaining_time":3.87688499},
{"learn":[0.004587391921],"iteration":100,"passed_time":0.4346668097,"remaining_time":3.868964969},
{"learn":[0.004467959812],"iteration":101,"passed_time":0.4388984893,"remaining_time":3.864027876},
{"learn":[0.004396459145],"iteration":102,"passed_time":0.4438233944,"remaining_time":3.8651416},
{"learn":[0.004344995283],"iteration":103,"passed_time":0.4477653817,"remaining_time":3.85767098},
{"learn":[0.004233350143],"iteration":104,"passed_time":0.4528139595,"remaining_time":3.859699941},
{"learn":[0.004153220368],"iteration":105,"passed_time":0.457819114,"remaining_time":3.861229131},
{"learn":[0.004059198579],"iteration":106,"passed_time":0.4631384344,"remaining_time":3.865258149},
{"learn":[0.00396223937],"iteration":107,"passed_time":0.4675710735,"remaining_time":3.861790718},
{"learn":[0.003922250042],"iteration":108,"passed_time":0.4716012429,"remaining_time":3.855015665},
{"learn":[0.003867743093],"iteration":109,"passed_time":0.4750966946,"remaining_time":3.843964165},
{"learn":[0.003840071275],"iteration":110,"passed_time":0.4798590728,"remaining_time":3.843195637},
{"learn":[0.003801869457],"iteration":111,"passed_time":0.4845828923,"remaining_time":3.842050075},
{"learn":[0.003778244801],"iteration":112,"passed_time":0.488322402,"remaining_time":3.833114784},
{"learn":[0.003741893641],"iteration":113,"passed_time":0.4930914071,"remaining_time":3.832271813},
{"learn":[0.003713036355],"iteration":114,"passed_time":0.4963670444,"remaining_time":3.819868125},
{"learn":[0.003602402419],"iteration":115,"passed_time":0.5004947823,"remaining_time":3.81411541},
{"learn":[0.003582229591],"iteration":116,"passed_time":0.5045320922,"remaining_time":3.807708012},
{"learn":[0.003563626484],"iteration":117,"passed_time":0.5087958304,"remaining_time":3.803033241},
{"learn":[0.003552376197],"iteration":118,"passed_time":0.5121922256,"remaining_time":3.791944124},
{"learn":[0.003519326501],"iteration":119,"passed_time":0.5165896795,"remaining_time":3.788324316},
{"learn":[0.003495870826],"iteration":120,"passed_time":0.5208378026,"remaining_time":3.783606847},
{"learn":[0.003485313403],"iteration":121,"passed_time":0.5251648154,"remaining_time":3.779464819},
{"learn":[0.003454007693],"iteration":122,"passed_time":0.5290888871,"remaining_time":3.77244678},
{"learn":[0.003398277455],"iteration":123,"passed_time":0.5326575461,"remaining_time":3.762967826},
{"learn":[0.00337660493],"iteration":124,"passed_time":0.5367630219,"remaining_time":3.757341153},
{"learn":[0.003340686496],"iteration":125,"passed_time":0.540728619,"remaining_time":3.750768357},
{"learn":[0.003280036851],"iteration":126,"passed_time":0.5449245115,"remaining_time":3.745819673},
{"learn":[0.003241800482],"iteration":127,"passed_time":0.548676229,"remaining_time":3.73785681},
{"learn":[0.003163079078],"iteration":128,"passed_time":0.5536322801,"remaining_time":3.738090821},
{"learn":[0.003126991999],"iteration":129,"passed_time":0.5578561672,"remaining_time":3.733345119},
{"learn":[0.003072890018],"iteration":130,"passed_time":0.562188708,"remaining_time":3.729328147},
{"learn":[0.003024780453],"iteration":131,"passed_time":0.5666116448,"remaining_time":3.725900816},
{"learn":[0.002991542571],"iteration":132,"passed_time":0.5709342476,"remaining_time":3.721804456},
{"learn":[0.002935214735],"iteration":133,"passed_time":0.574983927,"remaining_time":3.715940901},
{"learn":[0.002926149965],"iteration":134,"passed_time":0.5788635965,"remaining_time":3.709014896},
{"learn":[0.002847719058],"iteration":135,"passed_time":0.5834905704,"remaining_time":3.706881271},
{"learn":[0.002819659884],"iteration":136,"passed_time":0.5879186998,"remaining_time":3.703458671},
{"learn":[0.002770766548],"iteration":137,"passed_time":0.59245476,"remaining_time":3.700695675},
{"learn":[0.002747648583],"iteration":138,"passed_time":0.5972742293,"remaining_time":3.699662672},
{"learn":[0.002683394483],"iteration":139,"passed_time":0.6023698495,"remaining_time":3.700271932},
{"learn":[0.002635576169],"iteration":140,"passed_time":0.6073208389,"remaining_time":3.699919153},
{"learn":[0.002618972994],"iteration":141,"passed_time":0.6119659709,"remaining_time":3.697653542},
{"learn":[0.00259426862],"iteration":142,"passed_time":0.6165752385,"remaining_time":3.695139716},
{"learn":[0.002568566795],"iteration":143,"passed_time":0.6211910115,"remaining_time":3.692635457},
{"learn":[0.002555991075],"iteration":144,"passed_time":0.6264993185,"remaining_time":3.694185637},
{"learn":[0.00254213202],"iteration":145,"passed_time":0.6303274755,"remaining_time":3.686984001},
{"learn":[0.002492571565],"iteration":146,"passed_time":0.6351659978,"remaining_time":3.68569113},
{"learn":[0.002473445665],"iteration":147,"passed_time":0.6399182983,"remaining_time":3.683853988},
{"learn":[0.002459358255],"iteration":148,"passed_time":0.6435934856,"remaining_time":3.675825881},
{"learn":[0.002426904228],"iteration":149,"passed_time":0.6476988217,"remaining_time":3.670293323},
{"learn":[0.002404800402],"iteration":150,"passed_time":0.6520960651,"remaining_time":3.666420922},
{"learn":[0.002393949631],"iteration":151,"passed_time":0.6562187255,"remaining_time":3.661009731},
{"learn":[0.002381969328],"iteration":152,"passed_time":0.6593522302,"remaining_time":3.65013947},
{"learn":[0.002330083307],"iteration":153,"passed_time":0.663068436,"remaining_time":3.642570759},
{"learn":[0.002314696545],"iteration":154,"passed_time":0.6671955919,"remaining_time":3.637292098},
{"learn":[0.002294334693],"iteration":155,"passed_time":0.671022081,"remaining_time":3.630401515},
{"learn":[0.002283162061],"iteration":156,"passed_time":0.6747161568,"remaining_time":3.622838982},
{"learn":[0.002249809038],"iteration":157,"passed_time":0.6783629043,"remaining_time":3.615073199},
{"learn":[0.002238800355],"iteration":158,"passed_time":0.6819466378,"remaining_time":3.607025927},
{"learn":[0.002221157129],"iteration":159,"passed_time":0.6856274244,"remaining_time":3.599543978},
{"learn":[0.002202578594],"iteration":160,"passed_time":0.6891146973,"remaining_time":3.591100814},
{"learn":[0.002180638969],"iteration":161,"passed_time":0.6927631989,"remaining_time":3.583552844},
{"learn":[0.002179768066],"iteration":162,"passed_time":0.6951166997,"remaining_time":3.569402931},
{"learn":[0.002157243003],"iteration":163,"passed_time":0.6985145783,"remaining_time":3.560720655},
{"learn":[0.002147284688],"iteration":164,"passed_time":0.7021532256,"remaining_time":3.553320869},
{"learn":[0.002119091167],"iteration":165,"passed_time":0.7060509175,"remaining_time":3.547267863},
{"learn":[0.002113102525],"iteration":166,"passed_time":0.7103780506,"remaining_time":3.543382732},
{"learn":[0.002097696055],"iteration":167,"passed_time":0.7147462677,"remaining_time":3.539695802},
{"learn":[0.0020922292],"iteration":168,"passed_time":0.7187070833,"remaining_time":3.533997552},
{"learn":[0.00208584339],"iteration":169,"passed_time":0.7224790872,"remaining_time":3.527397897},
{"learn":[0.002071503221],"iteration":170,"passed_time":0.7262019082,"remaining_time":3.520592876},
{"learn":[0.002062885014],"iteration":171,"passed_time":0.7305041043,"remaining_time":3.516612781},
{"learn":[0.00202807305],"iteration":172,"passed_time":0.7367639468,"remaining_time":3.521987191},
{"learn":[0.002007243753],"iteration":173,"passed_time":0.7439272342,"remaining_time":3.53151664},
{"learn":[0.001998643996],"iteration":174,"passed_time":0.7497801958,"remaining_time":3.534678066},
{"learn":[0.001989992748],"iteration":175,"passed_time":0.7539343034,"remaining_time":3.529783329},
{"learn":[0.001972686309],"iteration":176,"passed_time":0.7584728699,"remaining_time":3.526684587},
{"learn":[0.001963338339],"iteration":177,"passed_time":0.7639373033,"remaining_time":3.527845299},
{"learn":[0.001956272662],"iteration":178,"passed_time":0.767899061,"remaining_time":3.522039827},
{"learn":[0.00193959527],"iteration":179,"passed_time":0.7729991708,"remaining_time":3.521440667},
{"learn":[0.001929576909],"iteration":180,"passed_time":0.7778441184,"remaining_time":3.519637199},
{"learn":[0.001923688063],"iteration":181,"passed_time":0.7819363693,"remaining_time":3.514417308},
{"learn":[0.001910879291],"iteration":182,"passed_time":0.7863996837,"remaining_time":3.510866348},
{"learn":[0.001906035779],"iteration":183,"passed_time":0.7920736108,"remaining_time":3.512674274},
{"learn":[0.001898380723],"iteration":184,"passed_time":0.8034556235,"remaining_time":3.539547747},
{"learn":[0.001861600359],"iteration":185,"passed_time":0.825916576,"remaining_time":3.614495123},
{"learn":[0.001851967511],"iteration":186,"passed_time":0.8313061783,"remaining_time":3.614181406},
{"learn":[0.001823170186],"iteration":187,"passed_time":0.836980913,"remaining_time":3.61504522},
{"learn":[0.001811401634],"iteration":188,"passed_time":0.8433801583,"remaining_time":3.618948722},
{"learn":[0.001801749245],"iteration":189,"passed_time":0.8496443248,"remaining_time":3.622167911},
{"learn":[0.001801742872],"iteration":190,"passed_time":0.8543585335,"remaining_time":3.618722794},
{"learn":[0.001795268755],"iteration":191,"passed_time":0.8585884744,"remaining_time":3.613226497},
{"learn":[0.001795268755],"iteration":192,"passed_time":0.8626268474,"remaining_time":3.60694231},
{"learn":[0.001781959916],"iteration":193,"passed_time":0.8685353861,"remaining_time":3.60845114},
{"learn":[0.001755919458],"iteration":194,"passed_time":0.8756441035,"remaining_time":3.614838478},
{"learn":[0.001755918703],"iteration":195,"passed_time":0.8791568393,"remaining_time":3.606337239},
{"learn":[0.001735620334],"iteration":196,"passed_time":0.8845423322,"remaining_time":3.605520268},
{"learn":[0.001725492451],"iteration":197,"passed_time":0.8909839013,"remaining_time":3.608934792},
{"learn":[0.001712115852],"iteration":198,"passed_time":0.8975446194,"remaining_time":3.61272985},
{"learn":[0.00170275136],"iteration":199,"passed_time":0.9027856225,"remaining_time":3.61114249},
{"learn":[0.001695091356],"iteration":200,"passed_time":0.9079560637,"remaining_time":3.609238283},
{"learn":[0.001689496277],"iteration":201,"passed_time":0.913088498,"remaining_time":3.607151591},
{"learn":[0.001689484033],"iteration":202,"passed_time":0.9164973611,"remaining_time":3.598267964},
{"learn":[0.001680298922],"iteration":203,"passed_time":0.9221873501,"remaining_time":3.598338876},
{"learn":[0.001664900503],"iteration":204,"passed_time":0.9337030779,"remaining_time":3.620946083},
{"learn":[0.001658270403],"iteration":205,"passed_time":0.9402996102,"remaining_time":3.624261604},
{"learn":[0.001647530246],"iteration":206,"passed_time":0.94686035,"remaining_time":3.627344239},
{"learn":[0.001641151564],"iteration":207,"passed_time":0.9515731549,"remaining_time":3.623297782},
{"learn":[0.001641133785],"iteration":208,"passed_time":0.9559383952,"remaining_time":3.617929524},
{"learn":[0.001620384995],"iteration":209,"passed_time":0.9635990698,"remaining_time":3.624967929},
{"learn":[0.001599558549],"iteration":210,"passed_time":0.9697862249,"remaining_time":3.626357021},
{"learn":[0.001591491649],"iteration":211,"passed_time":0.9781285497,"remaining_time":3.635685364},
{"learn":[0.001591493075],"iteration":212,"passed_time":0.9824743739,"remaining_time":3.630081372},
{"learn":[0.00158607444],"iteration":213,"passed_time":0.9873406797,"remaining_time":3.626400814},
{"learn":[0.001574432015],"iteration":214,"passed_time":0.9926878449,"remaining_time":3.624464922},
{"learn":[0.001574435286],"iteration":215,"passed_time":0.9970268452,"remaining_time":3.618838179},
{"learn":[0.001565641054],"iteration":216,"passed_time":1.002451738,"remaining_time":3.617141525},
{"learn":[0.001559875987],"iteration":217,"passed_time":1.007817807,"remaining_time":3.615199655},
{"learn":[0.001553229618],"iteration":218,"passed_time":1.012656028,"remaining_time":3.611344101},
{"learn":[0.0015309709],"iteration":219,"passed_time":1.018602945,"remaining_time":3.61141044},
{"learn":[0.00152523074],"iteration":220,"passed_time":1.024067228,"remaining_time":3.609721133},
{"learn":[0.001507165689],"iteration":221,"passed_time":1.029580864,"remaining_time":3.608170774},
{"learn":[0.001497472125],"iteration":222,"passed_time":1.03502918,"remaining_time":3.606357277},
{"learn":[0.001493019157],"iteration":223,"passed_time":1.040431201,"remaining_time":3.604350945},
{"learn":[0.001484622764],"iteration":224,"passed_time":1.045352673,"remaining_time":3.600659206},
{"learn":[0.001484622764],"iteration":225,"passed_time":1.048402145,"remaining_time":3.590545398},
{"learn":[0.001484602637],"iteration":226,"passed_time":1.052373554,"remaining_time":3.583633294},
{"learn":[0.001479671658],"iteration":227,"passed_time":1.057452707,"remaining_time":3.580497762},
{"learn":[0.001471929805],"iteration":228,"passed_time":1.062539727,"remaining_time":3.577371746},
{"learn":[0.001463672706],"iteration":229,"passed_time":1.067658581,"remaining_time":3.574335248},
{"learn":[0.001459086398],"iteration":230,"passed_time":1.070944654,"remaining_time":3.565179388},
{"learn":[0.001451154431],"iteration":231,"passed_time":1.075957134,"remaining_time":3.561789132},
{"learn":[0.001426816951],"iteration":232,"passed_time":1.081426959,"remaining_time":3.559890463},
{"learn":[0.001426826847],"iteration":233,"passed_time":1.085545336,"remaining_time":3.553537296},
{"learn":[0.001426801353],"iteration":234,"passed_time":1.089910085,"remaining_time":3.54800517},
{"learn":[0.001420222744],"iteration":235,"passed_time":1.095150024,"remaining_time":3.545316181},
{"learn":[0.001420246645],"iteration":236,"passed_time":1.099624259,"remaining_time":3.540140547},
{"learn":[0.001400878301],"iteration":237,"passed_time":1.104216062,"remaining_time":3.535347224},
{"learn":[0.001394550858],"iteration":238,"passed_time":1.108662343,"remaining_time":3.53009223},
{"learn":[0.001384692841],"iteration":239,"passed_time":1.113410694,"remaining_time":3.525800532},
{"learn":[0.001370105197],"iteration":240,"passed_time":1.118013613,"remaining_time":3.521047021},
{"learn":[0.00136341522],"iteration":241,"passed_time":1.122472713,"remaining_time":3.515844283},
{"learn":[0.00136341522],"iteration":242,"passed_time":1.130547153,"remaining_time":3.521910267},
{"learn":[0.001356598361],"iteration":243,"passed_time":1.14010258,"remaining_time":3.532448976},
{"learn":[0.001338682919],"iteration":244,"passed_time":1.165917816,"remaining_time":3.592930413},
{"learn":[0.001328804189],"iteration":245,"passed_time":1.182600909,"remaining_time":3.624719859},
{"learn":[0.001328808382],"iteration":246,"passed_time":1.223125911,"remaining_time":3.728800855},
{"learn":[0.001323225378],"iteration":247,"passed_time":1.228969692,"remaining_time":3.726553259},
{"learn":[0.001305893698],"iteration":248,"passed_time":1.23409087,"remaining_time":3.722097364},
{"learn":[0.001290477081],"iteration":249,"passed_time":1.240519333,"remaining_time":3.721558},
{"learn":[0.001274345209],"iteration":250,"passed_time":1.245825024,"remaining_time":3.717621286},
{"learn":[0.001274339087],"iteration":251,"passed_time":1.251448595,"remaining_time":3.71461726},
{"learn":[0.001264620532],"iteration":252,"passed_time":1.257216372,"remaining_time":3.712018301},
{"learn":[0.001264617597],"iteration":253,"passed_time":1.262965607,"remaining_time":3.709339932},
{"learn":[0.001264617597],"iteration":254,"passed_time":1.268152506,"remaining_time":3.704994575},
{"learn":[0.001247720151],"iteration":255,"passed_time":1.274474299,"remaining_time":3.703940932},
{"learn":[0.001247727364],"iteration":256,"passed_time":1.278766132,"remaining_time":3.696977571},
{"learn":[0.001247731641],"iteration":257,"passed_time":1.283047982,"remaining_time":3.690006211},
{"learn":[0.001247721242],"iteration":258,"passed_time":1.28649837,"remaining_time":3.680676803},
{"learn":[0.001247721242],"iteration":259,"passed_time":1.292422757,"remaining_time":3.678433999},
{"learn":[0.001247724428],"iteration":260,"passed_time":1.297112559,"remaining_time":3.67266736},
{"learn":[0.001238661252],"iteration":261,"passed_time":1.303008597,"remaining_time":3.670306659},
{"learn":[0.001230298823],"iteration":262,"passed_time":1.309317782,"remaining_time":3.669076826},
{"learn":[0.001230280709],"iteration":263,"passed_time":1.314229622,"remaining_time":3.663912885},
{"learn":[0.001222324673],"iteration":264,"passed_time":1.319096299,"remaining_time":3.658625583},
{"learn":[0.001222338762],"iteration":265,"passed_time":1.323519441,"remaining_time":3.652117556},
{"learn":[0.001222325093],"iteration":266,"passed_time":1.330082166,"remaining_time":3.651498979},
{"learn":[0.001217492902],"iteration":267,"passed_time":1.337037329,"remaining_time":3.651907928},
{"learn":[0.001213466622],"iteration":268,"passed_time":1.343414128,"remaining_time":3.650690438},
{"learn":[0.001197445196],"iteration":269,"passed_time":1.348710096,"remaining_time":3.646512483},
{"learn":[0.001185461957],"iteration":270,"passed_time":1.353539668,"remaining_time":3.641071654},
{"learn":[0.001185461957],"iteration":271,"passed_time":1.358349724,"remaining_time":3.635583084},
{"learn":[0.001185453236],"iteration":272,"passed_time":1.364266892,"remaining_time":3.633047731},
{"learn":[0.001185453236],"iteration":273,"passed_time":1.369849305,"remaining_time":3.629600714},
{"learn":[0.001185443843],"iteration":274,"passed_time":1.37457081,"remaining_time":3.623868499},
{"learn":[0.001171304355],"iteration":275,"passed_time":1.380305321,"remaining_time":3.620800914},
{"learn":[0.001171285822],"iteration":276,"passed_time":1.385530537,"remaining_time":3.61638476},
{"learn":[0.001167489323],"iteration":277,"passed_time":1.390955881,"remaining_time":3.612482541},
{"learn":[0.001160485703],"iteration":278,"passed_time":1.395952054,"remaining_time":3.607460326},
{"learn":[0.001160458281],"iteration":279,"passed_time":1.400398069,"remaining_time":3.601023606},
{"learn":[0.001160458868],"iteration":280,"passed_time":1.405148099,"remaining_time":3.595378944},
{"learn":[0.001160452578],"iteration":281,"passed_time":1.413006165,"remaining_time":3.597653994},
{"learn":[0.001160451488],"iteration":282,"passed_time":1.41797185,"remaining_time":3.592529386},
{"learn":[0.001160451488],"iteration":283,"passed_time":1.42256438,"remaining_time":3.586465128},
{"learn":[0.001158855853],"iteration":284,"passed_time":1.427634713,"remaining_time":3.581609893},
{"learn":[0.001158870445],"iteration":285,"passed_time":1.432175845,"remaining_time":3.575432004},
{"learn":[0.001158873464],"iteration":286,"passed_time":1.435430255,"remaining_time":3.566068893},
{"learn":[0.001158873464],"iteration":287,"passed_time":1.440149596,"remaining_time":3.560369834},
{"learn":[0.001158863736],"iteration":288,"passed_time":1.443767758,"remaining_time":3.551968429},
{"learn":[0.001158863736],"iteration":289,"passed_time":1.447449917,"remaining_time":3.543756693},
{"learn":[0.001157671727],"iteration":290,"passed_time":1.451767328,"remaining_time":3.537123832},
{"learn":[0.001157656632],"iteration":291,"passed_time":1.45633922,"remaining_time":3.531123863},
{"learn":[0.001141807708],"iteration":292,"passed_time":1.461541705,"remaining_time":3.52665524},
{"learn":[0.001141805109],"iteration":293,"passed_time":1.46592606,"remaining_time":3.520217002},
{"learn":[0.00114179798],"iteration":294,"passed_time":1.469733365,"remaining_time":3.512413635},
{"learn":[0.001141808379],"iteration":295,"passed_time":1.47291164,"remaining_time":3.503141199},
{"learn":[0.001137157582],"iteration":296,"passed_time":1.479126439,"remaining_time":3.501097261},
{"learn":[0.00113023447],"iteration":297,"passed_time":1.484514437,"remaining_time":3.497077634},
{"learn":[0.001126206009],"iteration":298,"passed_time":1.490059706,"remaining_time":3.49341757},
{"learn":[0.001113069171],"iteration":299,"passed_time":1.495470486,"remaining_time":3.489431134},
{"learn":[0.001107754776],"iteration":300,"passed_time":1.501006223,"remaining_time":3.485725414},
{"learn":[0.001102953028],"iteration":301,"passed_time":1.506755438,"remaining_time":3.482500978},
{"learn":[0.001102965355],"iteration":302,"passed_time":1.511096885,"remaining_time":3.476021546},
{"learn":[0.001096853521],"iteration":303,"passed_time":1.515985922,"remaining_time":3.470809875},
{"learn":[0.0010916276],"iteration":304,"passed_time":1.520872034,"remaining_time":3.46559365},
{"learn":[0.001091617033],"iteration":305,"passed_time":1.524266374,"remaining_time":3.456996286},
{"learn":[0.001087521819],"iteration":306,"passed_time":1.529177484,"remaining_time":3.451856665},
{"learn":[0.001078064074],"iteration":307,"passed_time":1.534704098,"remaining_time":3.448101415},
{"learn":[0.001078054597],"iteration":308,"passed_time":1.539150745,"remaining_time":3.441919628},
{"learn":[0.001078046295],"iteration":309,"passed_time":1.542878298,"remaining_time":3.434148469},
{"learn":[0.001078020214],"iteration":310,"passed_time":1.546388273,"remaining_time":3.425921286},
{"learn":[0.001078019878],"iteration":311,"passed_time":1.551478238,"remaining_time":3.421208422},
{"learn":[0.001078044953],"iteration":312,"passed_time":1.556225171,"remaining_time":3.415740231},
{"learn":[0.001077956144],"iteration":313,"passed_time":1.561074227,"remaining_time":3.410499745},
{"learn":[0.001064925725],"iteration":314,"passed_time":1.566694929,"remaining_time":3.406939765},
{"learn":[0.001064925222],"iteration":315,"passed_time":1.571269618,"remaining_time":3.40110259},
{"learn":[0.001064925222],"iteration":316,"passed_time":1.575948746,"remaining_time":3.395498401},
{"learn":[0.001064914488],"iteration":317,"passed_time":1.580756808,"remaining_time":3.39017655},
{"learn":[0.001054900572],"iteration":318,"passed_time":1.585523117,"remaining_time":3.384768785},
{"learn":[0.001054899734],"iteration":319,"passed_time":1.589860281,"remaining_time":3.378453097},
{"learn":[0.001054877678],"iteration":320,"passed_time":1.594129341,"remaining_time":3.372005678},
{"learn":[0.00104945158],"iteration":321,"passed_time":1.599491832,"remaining_time":3.367874105},
{"learn":[0.001049461056],"iteration":322,"passed_time":1.603290266,"remaining_time":3.360456687},
{"learn":[0.001049449819],"iteration":323,"passed_time":1.607458235,"remaining_time":3.353832614},
{"learn":[0.001049452838],"iteration":324,"passed_time":1.610287283,"remaining_time":3.344442819},
{"learn":[0.00104945485],"iteration":325,"passed_time":1.613731408,"remaining_time":3.336364935},
{"learn":[0.001043998226],"iteration":326,"passed_time":1.619196863,"remaining_time":3.332475501},
{"learn":[0.001032231519],"iteration":327,"passed_time":1.624564015,"remaining_time":3.328375055},
{"learn":[0.001029660238],"iteration":328,"passed_time":1.631034518,"remaining_time":3.326517208},
{"learn":[0.001029660238],"iteration":329,"passed_time":1.635629964,"remaining_time":3.320824473},
{"learn":[0.001029660238],"iteration":330,"passed_time":1.640003995,"remaining_time":3.314690853},
{"learn":[0.001029638602],"iteration":331,"passed_time":1.644350985,"remaining_time":3.308513428},
{"learn":[0.001018505637],"iteration":332,"passed_time":1.649654809,"remaining_time":3.304263537},
{"learn":[0.001018490374],"iteration":333,"passed_time":1.653348925,"remaining_time":3.296797557},
{"learn":[0.001018494567],"iteration":334,"passed_time":1.656951863,"remaining_time":3.2891731},
{"learn":[0.001018492135],"iteration":335,"passed_time":1.661959331,"remaining_time":3.284348202},
{"learn":[0.00101848509],"iteration":336,"passed_time":1.667176048,"remaining_time":3.279933887},
{"learn":[0.001018482491],"iteration":337,"passed_time":1.671867454,"remaining_time":3.27448596},
{"learn":[0.001018469157],"iteration":338,"passed_time":1.677061674,"remaining_time":3.270022911},
{"learn":[0.001004290254],"iteration":339,"passed_time":1.681238644,"remaining_time":3.263580898},
{"learn":[0.001004291008],"iteration":340,"passed_time":1.68396167,"remaining_time":3.254342347},
{"learn":[0.001002259041],"iteration":341,"passed_time":1.689028747,"remaining_time":3.249651799},
{"learn":[0.0009921365249],"iteration":342,"passed_time":1.694618144,"remaining_time":3.245959536},
{"learn":[0.0009921371958],"iteration":343,"passed_time":1.699200671,"remaining_time":3.240336163},
{"learn":[0.0009921259583],"iteration":344,"passed_time":1.703795927,"remaining_time":3.234742992},
{"learn":[0.000992124952],"iteration":345,"passed_time":1.708786729,"remaining_time":3.22990324},
{"learn":[0.000992124952],"iteration":346,"passed_time":1.713260506,"remaining_time":3.224089655},
{"learn":[0.0009921218491],"iteration":347,"passed_time":1.717852414,"remaining_time":3.218505098},
{"learn":[0.0009921230232],"iteration":348,"passed_time":1.721969197,"remaining_time":3.212039964},
{"learn":[0.0009829334671],"iteration":349,"passed_time":1.727832272,"remaining_time":3.208831362},
{"learn":[0.000982923236],"iteration":350,"passed_time":1.732746769,"remaining_time":3.203853713},
{"learn":[0.0009829274291],"iteration":351,"passed_time":1.737399978,"remaining_time":3.198395414},
{"learn":[0.0009738783412],"iteration":352,"passed_time":1.74355342,"remaining_time":3.195691396},
{"learn":[0.0009648228799],"iteration":353,"passed_time":1.748903163,"remaining_time":3.191501252},
{"learn":[0.0009563116804],"iteration":354,"passed_time":1.753792421,"remaining_time":3.18646792},
{"learn":[0.0009453481996],"iteration":355,"passed_time":1.760549934,"remaining_time":3.18481505},
{"learn":[0.0009453344462],"iteration":356,"passed_time":1.765123471,"remaining_time":3.179199977},
{"learn":[0.0009453388071],"iteration":357,"passed_time":1.769763394,"remaining_time":3.173709774},
{"learn":[0.0009452658474],"iteration":358,"passed_time":1.774575057,"remaining_time":3.16853095},
{"learn":[0.0009383662167],"iteration":359,"passed_time":1.778796648,"remaining_time":3.162305153},
{"learn":[0.0009383662167],"iteration":360,"passed_time":1.784394916,"remaining_time":3.158527289},
{"learn":[0.0009383495283],"iteration":361,"passed_time":1.790401078,"remaining_time":3.155458253},
{"learn":[0.0009383495283],"iteration":362,"passed_time":1.793837915,"remaining_time":3.147864331},
{"learn":[0.0009383392133],"iteration":363,"passed_time":1.798721671,"remaining_time":3.142821382},
{"learn":[0.0009383392133],"iteration":364,"passed_time":1.803997038,"remaining_time":3.1384606},
{"learn":[0.0009383392133],"iteration":365,"passed_time":1.80795663,"remaining_time":3.131815584},
{"learn":[0.0009383392133],"iteration":366,"passed_time":1.811217325,"remaining_time":3.123979746},
{"learn":[0.0009383417291],"iteration":367,"passed_time":1.81538984,"remaining_time":3.117734725},
{"learn":[0.0009383383747],"iteration":368,"passed_time":1.819589012,"remaining_time":3.111546522},
{"learn":[0.0009383264663],"iteration":369,"passed_time":1.823921507,"remaining_time":3.10559608},
{"learn":[0.0009383158997],"iteration":370,"passed_time":1.82856757,"remaining_time":3.100185987},
{"learn":[0.0009383047461],"iteration":371,"passed_time":1.833238865,"remaining_time":3.0948226},
{"learn":[0.0009383155643],"iteration":372,"passed_time":1.838309683,"remaining_time":3.090134508},
{"learn":[0.0009382977018],"iteration":373,"passed_time":1.842763277,"remaining_time":3.084411261},
{"learn":[0.0009382964438],"iteration":374,"passed_time":1.846922424,"remaining_time":3.078204041},
{"learn":[0.000938285458],"iteration":375,"passed_time":1.851697101,"remaining_time":3.073029231},
{"learn":[0.0009382855418],"iteration":376,"passed_time":1.855789357,"remaining_time":3.066728831},
{"learn":[0.0009382793361],"iteration":377,"passed_time":1.860049778,"remaining_time":3.06071683},
{"learn":[0.0009382966116],"iteration":378,"passed_time":1.864532166,"remaining_time":3.05507777},
{"learn":[0.0009382776588],"iteration":379,"passed_time":1.869157781,"remaining_time":3.049678485},
{"learn":[0.0009382662537],"iteration":380,"passed_time":1.873860463,"remaining_time":3.044408469},
{"learn":[0.0009382662537],"iteration":381,"passed_time":1.877989333,"remaining_time":3.038213109},
{"learn":[0.0009382363151],"iteration":382,"passed_time":1.883349227,"remaining_time":3.034011679},
{"learn":[0.0009382491459],"iteration":383,"passed_time":1.888095489,"remaining_time":3.028819846},
{"learn":[0.0009382491459],"iteration":384,"passed_time":1.892821564,"remaining_time":3.023598082},
{"learn":[0.0009382491459],"iteration":385,"passed_time":1.897579722,"remaining_time":3.018429921},
{"learn":[0.0009318673606],"iteration":386,"passed_time":1.902366967,"remaining_time":3.013309951},
{"learn":[0.0009318673606],"iteration":387,"passed_time":1.906485945,"remaining_time":3.007137624},
{"learn":[0.000931862916],"iteration":388,"passed_time":1.910894755,"remaining_time":3.001431094},
{"learn":[0.0009318647609],"iteration":389,"passed_time":1.915059266,"remaining_time":2.995349109},
{"learn":[0.0009318502529],"iteration":390,"passed_time":1.919337257,"remaining_time":2.989453681},
{"learn":[0.0009318479886],"iteration":391,"passed_time":1.923731734,"remaining_time":2.983747179},
{"learn":[0.000931841112],"iteration":392,"passed_time":1.928348981,"remaining_time":2.978391428},
{"learn":[0.0009318320549],"iteration":393,"passed_time":1.932788862,"remaining_time":2.972766625},
{"learn":[0.0009259713858],"iteration":394,"passed_time":1.937700261,"remaining_time":2.967870019},
{"learn":[0.0009259713858],"iteration":395,"passed_time":1.941983343,"remaining_time":2.962014998},
{"learn":[0.0009259549489],"iteration":396,"passed_time":1.946107031,"remaining_time":2.955925793},
{"learn":[0.0009259577163],"iteration":397,"passed_time":1.949262165,"remaining_time":2.948381465},
{"learn":[0.000921912735],"iteration":398,"passed_time":1.953869919,"remaining_time":2.943047172},
{"learn":[0.0009219105546],"iteration":399,"passed_time":1.958109793,"remaining_time":2.937164689},
{"learn":[0.0009219092967],"iteration":400,"passed_time":1.96227271,"remaining_time":2.931175445},
{"learn":[0.0009219096322],"iteration":401,"passed_time":1.966608183,"remaining_time":2.925451973},
{"learn":[0.0009218955434],"iteration":402,"passed_time":1.970936308,"remaining_time":2.919724505},
{"learn":[0.0009219081227],"iteration":403,"passed_time":1.975036532,"remaining_time":2.913667755},
{"learn":[0.0009219081227],"iteration":404,"passed_time":1.978386361,"remaining_time":2.906518234},
{"learn":[0.0009218930276],"iteration":405,"passed_time":1.982722394,"remaining_time":2.900830301},
{"learn":[0.0009218954596],"iteration":406,"passed_time":1.98558124,"remaining_time":2.892996746},
{"learn":[0.0009219125673],"iteration":407,"passed_time":1.989592681,"remaining_time":2.886859969},
{"learn":[0.0009218831319],"iteration":408,"passed_time":1.993466939,"remaining_time":2.880535358},
{"learn":[0.0009183666465],"iteration":409,"passed_time":1.998083754,"remaining_time":2.875291256},
{"learn":[0.0009183666465],"iteration":410,"passed_time":2.002803655,"remaining_time":2.870197939},
{"learn":[0.0009183666465],"iteration":411,"passed_time":2.006927526,"remaining_time":2.864255789},
{"learn":[0.0009183533964],"iteration":412,"passed_time":2.011265423,"remaining_time":2.858626643},
{"learn":[0.0009183528094],"iteration":413,"passed_time":2.01547234,"remaining_time":2.852818336},
{"learn":[0.0009183527255],"iteration":414,"passed_time":2.019894099,"remaining_time":2.847320598},
{"learn":[0.0009183527255],"iteration":415,"passed_time":2.024334391,"remaining_time":2.841854049},
{"learn":[0.00091834392],"iteration":416,"passed_time":2.028798828,"remaining_time":2.83642618},
{"learn":[0.0009183491195],"iteration":417,"passed_time":2.033942899,"remaining_time":2.831949204},
{"learn":[0.0009183400624],"iteration":418,"passed_time":2.038390588,"remaining_time":2.826503417},
{"learn":[0.0009183471906],"iteration":419,"passed_time":2.04300592,"remaining_time":2.821293889},
{"learn":[0.0009087144259],"iteration":420,"passed_time":2.049701002,"remaining_time":2.818947459},
{"learn":[0.0009087042787],"iteration":421,"passed_time":2.054437541,"remaining_time":2.813897865},
{"learn":[0.0009087041948],"iteration":422,"passed_time":2.059515902,"remaining_time":2.809316018},
{"learn":[0.000908712581],"iteration":423,"passed_time":2.064706384,"remaining_time":2.804884144},
{"learn":[0.0009087047818],"iteration":424,"passed_time":2.069285052,"remaining_time":2.799620953},
{"learn":[0.0009052553858],"iteration":425,"passed_time":2.074469225,"remaining_time":2.795176843},
{"learn":[0.0009052505218],"iteration":426,"passed_time":2.079182546,"remaining_time":2.790097421},
{"learn":[0.0009052547149],"iteration":427,"passed_time":2.083819487,"remaining_time":2.784917633},
{"learn":[0.000905261927],"iteration":428,"passed_time":2.087454699,"remaining_time":2.77840707},
{"learn":[0.0009052314014],"iteration":429,"passed_time":2.092116031,"remaining_time":2.773270087},
{"learn":[0.0009052314014],"iteration":430,"passed_time":2.096808739,"remaining_time":2.768176735},
{"learn":[0.0009052438129],"iteration":431,"passed_time":2.102159944,"remaining_time":2.763951037},
{"learn":[0.0009052399552],"iteration":432,"passed_time":2.107117109,"remaining_time":2.759204159},
{"learn":[0.0009052229313],"iteration":433,"passed_time":2.111652771,"remaining_time":2.753906609},
{"learn":[0.0009052261181],"iteration":434,"passed_time":2.115836055,"remaining_time":2.748154876},
{"learn":[0.0008959602479],"iteration":435,"passed_time":2.120499086,"remaining_time":2.743030928},
{"learn":[0.0008959401212],"iteration":436,"passed_time":2.124573131,"remaining_time":2.737150281},
{"learn":[0.0008959433918],"iteration":437,"passed_time":2.128501432,"remaining_time":2.731090879},
{"learn":[0.0008959433918],"iteration":438,"passed_time":2.132229846,"remaining_time":2.724785749},
{"learn":[0.0008959433918],"iteration":439,"passed_time":2.136073155,"remaining_time":2.718638561},
{"learn":[0.0008959457399],"iteration":440,"passed_time":2.140049227,"remaining_time":2.712670109},
{"learn":[0.0008959457399],"iteration":441,"passed_time":2.143116731,"remaining_time":2.705563655},
{"learn":[0.0008959423016],"iteration":442,"passed_time":2.14699172,"remaining_time":2.699490718},
{"learn":[0.0008959412952],"iteration":443,"passed_time":2.151061146,"remaining_time":2.693671164},
{"learn":[0.0008959379407],"iteration":444,"passed_time":2.155069037,"remaining_time":2.687782732},
{"learn":[0.0008881006533],"iteration":445,"passed_time":2.159747975,"remaining_time":2.682736273},
{"learn":[0.0008881006533],"iteration":446,"passed_time":2.163641106,"remaining_time":2.67671931},
{"learn":[0.0008880986406],"iteration":447,"passed_time":2.168356755,"remaining_time":2.671725288},
{"learn":[0.0008880986406],"iteration":448,"passed_time":2.173434685,"remaining_time":2.667177085},
{"learn":[0.0008880873193],"iteration":449,"passed_time":2.177699706,"remaining_time":2.661632974},
{"learn":[0.0008880720565],"iteration":450,"passed_time":2.180713988,"remaining_time":2.654572016},
{"learn":[0.0008880720565],"iteration":451,"passed_time":2.185165587,"remaining_time":2.649271552},
{"learn":[0.0008880705469],"iteration":452,"passed_time":2.189297402,"remaining_time":2.643588695},
{"learn":[0.0008880796879],"iteration":453,"passed_time":2.192892231,"remaining_time":2.637266868},
{"learn":[0.0008880709663],"iteration":454,"passed_time":2.197272435,"remaining_time":2.631897752},
{"learn":[0.0008880709663],"iteration":455,"passed_time":2.201456972,"remaining_time":2.626299546},
{"learn":[0.0008880546132],"iteration":456,"passed_time":2.20567247,"remaining_time":2.620744314},
{"learn":[0.0008880519297],"iteration":457,"passed_time":2.209775982,"remaining_time":2.615062407},
{"learn":[0.0008880542778],"iteration":458,"passed_time":2.21446831,"remaining_time":2.610081385},
{"learn":[0.0008880515104],"iteration":459,"passed_time":2.218777733,"remaining_time":2.604652121},
{"learn":[0.0008880515104],"iteration":460,"passed_time":2.223323215,"remaining_time":2.599503716},
{"learn":[0.0008880484075],"iteration":461,"passed_time":2.227063897,"remaining_time":2.593420729},
{"learn":[0.0008880484075],"iteration":462,"passed_time":2.231314968,"remaining_time":2.587939823},
{"learn":[0.0008880333963],"iteration":463,"passed_time":2.235433104,"remaining_time":2.582310654},
{"learn":[0.0008880427049],"iteration":464,"passed_time":2.239101591,"remaining_time":2.576170648},
{"learn":[0.0008880448014],"iteration":465,"passed_time":2.242201398,"remaining_time":2.569389585},
{"learn":[0.0008880453885],"iteration":466,"passed_time":2.245754792,"remaining_time":2.563141979},
{"learn":[0.0008880207331],"iteration":467,"passed_time":2.249212177,"remaining_time":2.556796748},
{"learn":[0.0008880332285],"iteration":468,"passed_time":2.253487933,"remaining_time":2.551390388},
{"learn":[0.0008880219911],"iteration":469,"passed_time":2.258397908,"remaining_time":2.546704024},
{"learn":[0.0008880258487],"iteration":470,"passed_time":2.261685134,"remaining_time":2.540194131},
{"learn":[0.000888018385],"iteration":471,"passed_time":2.265967294,"remaining_time":2.534810871},
{"learn":[0.0008880191398],"iteration":472,"passed_time":2.270652327,"remaining_time":2.529881134},
{"learn":[0.0008880006902],"iteration":473,"passed_time":2.27540869,"remaining_time":2.525031584},
{"learn":[0.0008880175464],"iteration":474,"passed_time":2.278938099,"remaining_time":2.51882632},
{"learn":[0.0008880170432],"iteration":475,"passed_time":2.283064894,"remaining_time":2.513289926},
{"learn":[0.0008880033738],"iteration":476,"passed_time":2.28783492,"remaining_time":2.508464703},
{"learn":[0.0008880041285],"iteration":477,"passed_time":2.292634102,"remaining_time":2.503671551},
{"learn":[0.0008879901237],"iteration":478,"passed_time":2.29728668,"remaining_time":2.498718915},
{"learn":[0.0008879901237],"iteration":479,"passed_time":2.302187314,"remaining_time":2.494036257},
{"learn":[0.0008880016127],"iteration":480,"passed_time":2.306990486,"remaining_time":2.48924753},
{"learn":[0.0008880001871],"iteration":481,"passed_time":2.312116325,"remaining_time":2.484805511},
{"learn":[0.0008879694098],"iteration":482,"passed_time":2.316772931,"remaining_time":2.479858396},
{"learn":[0.0008879689905],"iteration":483,"passed_time":2.321471193,"remaining_time":2.474956891},
{"learn":[0.0008879586755],"iteration":484,"passed_time":2.325561474,"remaining_time":2.469410638},
{"learn":[0.0008879428257],"iteration":485,"passed_time":2.329654743,"remaining_time":2.463873535},
{"learn":[0.000887955992],"iteration":486,"passed_time":2.334401024,"remaining_time":2.459030237},
{"learn":[0.0008879423225],"iteration":487,"passed_time":2.339175776,"remaining_time":2.454217208},
{"learn":[0.0008879420709],"iteration":488,"passed_time":2.343404294,"remaining_time":2.448833526},
{"learn":[0.0008879397228],"iteration":489,"passed_time":2.348499563,"remaining_time":2.444356688},
{"learn":[0.0008879076877],"iteration":490,"passed_time":2.352471028,"remaining_time":2.438712328},
{"learn":[0.0008879429096],"iteration":491,"passed_time":2.356344774,"remaining_time":2.432973873},
{"learn":[0.0008879211894],"iteration":492,"passed_time":2.360167544,"remaining_time":2.427190558},
{"learn":[0.0008879211894],"iteration":493,"passed_time":2.36441177,"remaining_time":2.421846873},
{"learn":[0.0008878993854],"iteration":494,"passed_time":2.36860736,"remaining_time":2.416458014},
{"learn":[0.0008879247116],"iteration":495,"passed_time":2.372178417,"remaining_time":2.410439359},
{"learn":[0.000887932343],"iteration":496,"passed_time":2.376279984,"remaining_time":2.404967469},
{"learn":[0.000887932343],"iteration":497,"passed_time":2.38066506,"remaining_time":2.399786867},
{"learn":[0.0008879030753],"iteration":498,"passed_time":2.384896943,"remaining_time":2.394455648},
{"learn":[0.0008879034107],"iteration":499,"passed_time":2.3888546,"remaining_time":2.3888546},
{"learn":[0.0008879050041],"iteration":500,"passed_time":2.392957081,"remaining_time":2.383404358},
{"learn":[0.0008878795102],"iteration":501,"passed_time":2.397395868,"remaining_time":2.378293112},
{"learn":[0.000887875988],"iteration":502,"passed_time":2.401890754,"remaining_time":2.37323997},
{"learn":[0.0008878800134],"iteration":503,"passed_time":2.406285161,"remaining_time":2.368090159},
{"learn":[0.000887891754],"iteration":504,"passed_time":2.410201455,"remaining_time":2.362474694},
{"learn":[0.0008878750655],"iteration":505,"passed_time":2.414510206,"remaining_time":2.357249095},
{"learn":[0.0008878457978],"iteration":506,"passed_time":2.41878505,"remaining_time":2.351994141},
{"learn":[0.0008878537647],"iteration":507,"passed_time":2.422901501,"remaining_time":2.346589643},
{"learn":[0.0008878405145],"iteration":508,"passed_time":2.427333235,"remaining_time":2.341494339},
{"learn":[0.0008878545194],"iteration":509,"passed_time":2.431606704,"remaining_time":2.336249578},
{"learn":[0.0008878345604],"iteration":510,"passed_time":2.435731665,"remaining_time":2.330866505},
{"learn":[0.000887825084],"iteration":511,"passed_time":2.440450343,"remaining_time":2.326054233},
{"learn":[0.0008878172849],"iteration":512,"passed_time":2.445013506,"remaining_time":2.321094693},
{"learn":[0.0008878280191],"iteration":513,"passed_time":2.449071836,"remaining_time":2.315659363},
{"learn":[0.0008878208071],"iteration":514,"passed_time":2.453262538,"remaining_time":2.31035404},
{"learn":[0.0008878004287],"iteration":515,"passed_time":2.458456421,"remaining_time":2.305994007},
{"learn":[0.0008878010157],"iteration":516,"passed_time":2.462960158,"remaining_time":2.300985989},
{"learn":[0.0008877803858],"iteration":517,"passed_time":2.467211447,"remaining_time":2.295745015},
{"learn":[0.0008877853336],"iteration":518,"passed_time":2.472244645,"remaining_time":2.291232513},
{"learn":[0.0008877985837],"iteration":519,"passed_time":2.476597227,"remaining_time":2.286089748},
{"learn":[0.0008877742639],"iteration":520,"passed_time":2.480863801,"remaining_time":2.280870942},
{"learn":[0.0008877672195],"iteration":521,"passed_time":2.485332429,"remaining_time":2.275840807},
{"learn":[0.0008877526276],"iteration":522,"passed_time":2.489564535,"remaining_time":2.2705971},
{"learn":[0.0008877743477],"iteration":523,"passed_time":2.493895635,"remaining_time":2.26544718},
{"learn":[0.0008877601751],"iteration":524,"passed_time":2.497487447,"remaining_time":2.2596315},
{"learn":[0.0008877558982],"iteration":525,"passed_time":2.502133661,"remaining_time":2.254774439},
{"learn":[0.0008877589172],"iteration":526,"passed_time":2.506585278,"remaining_time":2.249743523},
{"learn":[0.0008877542209],"iteration":527,"passed_time":2.51078936,"remaining_time":2.244493519},
{"learn":[0.000887741474],"iteration":528,"passed_time":2.515482319,"remaining_time":2.239682745},
{"learn":[0.0008877543048],"iteration":529,"passed_time":2.519918351,"remaining_time":2.234644576},
{"learn":[0.0008877616846],"iteration":530,"passed_time":2.524285115,"remaining_time":2.229547493},
{"learn":[0.0008877532984],"iteration":531,"passed_time":2.528472719,"remaining_time":2.22429555},
{"learn":[0.0008877415578],"iteration":532,"passed_time":2.532990179,"remaining_time":2.219336611},
{"learn":[0.000887729314],"iteration":533,"passed_time":2.537180279,"remaining_time":2.214093652},
{"learn":[0.0008877345134],"iteration":534,"passed_time":2.541332522,"remaining_time":2.208821725},
{"learn":[0.0008877407192],"iteration":535,"passed_time":2.546022715,"remaining_time":2.204019664},
{"learn":[0.0008877475959],"iteration":536,"passed_time":2.550252808,"remaining_time":2.198821323},
{"learn":[0.0008877446607],"iteration":537,"passed_time":2.553920103,"remaining_time":2.193143285},
{"learn":[0.0008877391258],"iteration":538,"passed_time":2.557826274,"remaining_time":2.187677017},
{"learn":[0.0008877464218],"iteration":539,"passed_time":2.562508398,"remaining_time":2.182877525},
{"learn":[0.0008877316622],"iteration":540,"passed_time":2.566935179,"remaining_time":2.177861825},
{"learn":[0.0008877301526],"iteration":541,"passed_time":2.571346285,"remaining_time":2.172835052},
{"learn":[0.0008877326685],"iteration":542,"passed_time":2.576417249,"remaining_time":2.168365898},
{"learn":[0.000887748099],"iteration":543,"passed_time":2.581201477,"remaining_time":2.163654179},
{"learn":[0.0008877379518],"iteration":544,"passed_time":2.5863725,"remaining_time":2.159265114},
{"learn":[0.0008877261273],"iteration":545,"passed_time":2.590843221,"remaining_time":2.154290883},
{"learn":[0.0008877282238],"iteration":546,"passed_time":2.595192114,"remaining_time":2.149217601},
{"learn":[0.0008877275529],"iteration":547,"passed_time":2.599500544,"remaining_time":2.144113588},
{"learn":[0.0008877049103],"iteration":548,"passed_time":2.603726636,"remaining_time":2.138944832},
{"learn":[0.0008877163993],"iteration":549,"passed_time":2.608527694,"remaining_time":2.134249932},
{"learn":[0.0008877142189],"iteration":550,"passed_time":2.612494233,"remaining_time":2.128874611},
{"learn":[0.0008877189152],"iteration":551,"passed_time":2.616144889,"remaining_time":2.123248026},
{"learn":[0.0008877063359],"iteration":552,"passed_time":2.619813946,"remaining_time":2.117643461},
{"learn":[0.000887713548],"iteration":553,"passed_time":2.62396196,"remaining_time":2.112431469},
{"learn":[0.0008877127933],"iteration":554,"passed_time":2.627795192,"remaining_time":2.10697092},
{"learn":[0.000887723863],"iteration":555,"passed_time":2.631482883,"remaining_time":2.1014},
{"learn":[0.0008877200054],"iteration":556,"passed_time":2.635073083,"remaining_time":2.095758305},
{"learn":[0.0008877163993],"iteration":557,"passed_time":2.639538402,"remaining_time":2.090817157},
{"learn":[0.0008877134642],"iteration":558,"passed_time":2.643665759,"remaining_time":2.08561109},
{"learn":[0.0008876958532],"iteration":559,"passed_time":2.647907657,"remaining_time":2.080498873},
{"learn":[0.0008876854544],"iteration":560,"passed_time":2.652486126,"remaining_time":2.075653136},
{"learn":[0.0008876837772],"iteration":561,"passed_time":2.657433939,"remaining_time":2.071096201},
{"learn":[0.0008876794164],"iteration":562,"passed_time":2.661836574,"remaining_time":2.066114712},
{"learn":[0.0008876875509],"iteration":563,"passed_time":2.666748105,"remaining_time":2.061528677},
{"learn":[0.0008876902345],"iteration":564,"passed_time":2.671035138,"remaining_time":2.056460682},
{"learn":[0.000887693589],"iteration":565,"passed_time":2.675267725,"remaining_time":2.051353697},
{"learn":[0.0008876934213],"iteration":566,"passed_time":2.679511157,"remaining_time":2.046258079},
{"learn":[0.0008876455363],"iteration":567,"passed_time":2.683759328,"remaining_time":2.041169067},
{"learn":[0.0008876310282],"iteration":568,"passed_time":2.688028068,"remaining_time":2.036098589},
{"learn":[0.0008876306089],"iteration":569,"passed_time":2.692142765,"remaining_time":2.030914718},
{"learn":[0.0008876290155],"iteration":570,"passed_time":2.696276316,"remaining_time":2.025748756},
{"learn":[0.0008876340472],"iteration":571,"passed_time":2.701055823,"remaining_time":2.021069742},
{"learn":[0.0008876389951],"iteration":572,"passed_time":2.7056339,"remaining_time":2.016240271},
{"learn":[0.0008876411755],"iteration":573,"passed_time":2.710396248,"remaining_time":2.011548435},
{"learn":[0.0008876339634],"iteration":574,"passed_time":2.715228856,"remaining_time":2.006908285},
{"learn":[0.0008876434397],"iteration":575,"passed_time":2.719585427,"remaining_time":2.00191705},
{"learn":[0.0008876424334],"iteration":576,"passed_time":2.723810477,"remaining_time":1.996831597},
{"learn":[0.0008876264158],"iteration":577,"passed_time":2.72791885,"remaining_time":1.991663935},
{"learn":[0.0008876336279],"iteration":578,"passed_time":2.732022251,"remaining_time":1.986496317},
{"learn":[0.0008876386596],"iteration":579,"passed_time":2.736343972,"remaining_time":1.981490462},
{"learn":[0.0008876187006],"iteration":580,"passed_time":2.740570826,"remaining_time":1.976418547},
{"learn":[0.0008876197069],"iteration":581,"passed_time":2.745031464,"remaining_time":1.971517443},
{"learn":[0.000887597232],"iteration":582,"passed_time":2.749285641,"remaining_time":1.966470175},
{"learn":[0.0008875876718],"iteration":583,"passed_time":2.753755821,"remaining_time":1.961579489},
{"learn":[0.0008875962256],"iteration":584,"passed_time":2.758283833,"remaining_time":1.956731266},
{"learn":[0.0008875755957],"iteration":585,"passed_time":2.762712549,"remaining_time":1.951813985},
{"learn":[0.0008875708156],"iteration":586,"passed_time":2.766932366,"remaining_time":1.946751392},
{"learn":[0.0008875745893],"iteration":587,"passed_time":2.771122115,"remaining_time":1.941670598},
{"learn":[0.0008875802081],"iteration":588,"passed_time":2.775588998,"remaining_time":1.936786211},
{"learn":[0.0008875805435],"iteration":589,"passed_time":2.779691357,"remaining_time":1.931649926},
{"learn":[0.0008875708156],"iteration":590,"passed_time":2.783955597,"remaining_time":1.926629169},
{"learn":[0.0008875740862],"iteration":591,"passed_time":2.788699011,"remaining_time":1.921941211},
{"learn":[0.0008875664548],"iteration":592,"passed_time":2.79281839,"remaining_time":1.916824763},
{"learn":[0.0008875660355],"iteration":593,"passed_time":2.797203195,"remaining_time":1.911893093},
{"learn":[0.0008875672095],"iteration":594,"passed_time":2.801430219,"remaining_time":1.906855863},
{"learn":[0.0008875652807],"iteration":595,"passed_time":2.806334203,"remaining_time":1.902280231},
{"learn":[0.0008875685513],"iteration":596,"passed_time":2.810415794,"remaining_time":1.89714835},
{"learn":[0.000887566287],"iteration":597,"passed_time":2.81470025,"remaining_time":1.892156355},
{"learn":[0.0008875635196],"iteration":598,"passed_time":2.820951021,"remaining_time":1.888483071},
{"learn":[0.0008875568945],"iteration":599,"passed_time":2.825075501,"remaining_time":1.883383667},
{"learn":[0.0008875634357],"iteration":600,"passed_time":2.829131364,"remaining_time":1.878241954},
{"learn":[0.0008875508565],"iteration":601,"passed_time":2.833483053,"remaining_time":1.873299427},
{"learn":[0.0008875542948],"iteration":602,"passed_time":2.837762607,"remaining_time":1.868311368},
{"learn":[0.0008875615908],"iteration":603,"passed_time":2.841872193,"remaining_time":1.863214219},
{"learn":[0.0008875730798],"iteration":604,"passed_time":2.846106845,"remaining_time":1.85820199},
{"learn":[0.0008875686352],"iteration":605,"passed_time":2.851458699,"remaining_time":1.853918692},
{"learn":[0.0008875642744],"iteration":606,"passed_time":2.85569283,"remaining_time":1.848908208},
{"learn":[0.0008875605845],"iteration":607,"passed_time":2.859767145,"remaining_time":1.843797238},
{"learn":[0.0008875619262],"iteration":608,"passed_time":2.864015703,"remaining_time":1.838801544},
{"learn":[0.0008875594942],"iteration":609,"passed_time":2.868653387,"remaining_time":1.834057083},
{"learn":[0.000887565113],"iteration":610,"passed_time":2.873044296,"remaining_time":1.829155861},
{"learn":[0.0008875610876],"iteration":611,"passed_time":2.877753111,"remaining_time":1.824457855},
{"learn":[0.0008875567268],"iteration":612,"passed_time":2.882521493,"remaining_time":1.819797419},
{"learn":[0.0008875682159],"iteration":613,"passed_time":2.887003521,"remaining_time":1.814956611},
{"learn":[0.000887562681],"iteration":614,"passed_time":2.891698184,"remaining_time":1.810250083},
{"learn":[0.0008875494309],"iteration":615,"passed_time":2.89666944,"remaining_time":1.805716014},
{"learn":[0.0008875443992],"iteration":616,"passed_time":2.901201692,"remaining_time":1.800908019},
{"learn":[0.0008875383611],"iteration":617,"passed_time":2.905734039,"remaining_time":1.796100975},
{"learn":[0.0008875564752],"iteration":618,"passed_time":2.90998986,"remaining_time":1.791124615},
{"learn":[0.000887535426],"iteration":619,"passed_time":2.914684964,"remaining_time":1.786419817},
{"learn":[0.0008875404577],"iteration":620,"passed_time":2.918668381,"remaining_time":1.781280703},
{"learn":[0.0008875413801],"iteration":621,"passed_time":2.922443925,"remaining_time":1.776018977},
{"learn":[0.0008875323231],"iteration":622,"passed_time":2.926496081,"remaining_time":1.77092941},
{"learn":[0.0008875370193],"iteration":623,"passed_time":2.930551082,"remaining_time":1.765844883},
{"learn":[0.0008875308136],"iteration":624,"passed_time":2.934303248,"remaining_time":1.760581949},
{"learn":[0.0008875277946],"iteration":625,"passed_time":2.938079223,"remaining_time":1.755338066},
{"learn":[0.000887534168],"iteration":626,"passed_time":2.942276688,"remaining_time":1.750349609},
{"learn":[0.0008875376064],"iteration":627,"passed_time":2.946220906,"remaining_time":1.745213658},
{"learn":[0.0008875197438],"iteration":628,"passed_time":2.950155191,"remaining_time":1.740075637},
{"learn":[0.000887523266],"iteration":629,"passed_time":2.95393806,"remaining_time":1.734852511},
{"learn":[0.0008875288848],"iteration":630,"passed_time":2.957885304,"remaining_time":1.729730075},
{"learn":[0.0008875006234],"iteration":631,"passed_time":2.961845047,"remaining_time":1.724618635},
{"learn":[0.0008875108545],"iteration":632,"passed_time":2.965620118,"remaining_time":1.719403765},
{"learn":[0.0008875051519],"iteration":633,"passed_time":2.969556027,"remaining_time":1.714286287},
{"learn":[0.0008874716073],"iteration":634,"passed_time":2.973357308,"remaining_time":1.709095145},
{"learn":[0.0008875001202],"iteration":635,"passed_time":2.977311829,"remaining_time":1.703996078},
{"learn":[0.0008874758842],"iteration":636,"passed_time":2.981119054,"remaining_time":1.698816666},
{"learn":[0.000887455422],"iteration":637,"passed_time":2.985274031,"remaining_time":1.69383887},
{"learn":[0.0008874746263],"iteration":638,"passed_time":2.989093756,"remaining_time":1.68867425},
{"learn":[0.0008874488808],"iteration":639,"passed_time":2.99297599,"remaining_time":1.683548995},
{"learn":[0.0008874595312],"iteration":640,"passed_time":2.997182728,"remaining_time":1.678609359},
{"learn":[0.0008874523191],"iteration":641,"passed_time":3.001409141,"remaining_time":1.673682979},
{"learn":[0.000887445107],"iteration":642,"passed_time":3.005137537,"remaining_time":1.668482272},
{"learn":[0.0008874461133],"iteration":643,"passed_time":3.008995608,"remaining_time":1.66335782},
{"learn":[0.0008874337018],"iteration":644,"passed_time":3.01291987,"remaining_time":1.658273727},
{"learn":[0.0008874361338],"iteration":645,"passed_time":3.017178456,"remaining_time":1.65337643},
{"learn":[0.000887401499],"iteration":646,"passed_time":3.021294355,"remaining_time":1.648403257},
{"learn":[0.0008874027569],"iteration":647,"passed_time":3.025451419,"remaining_time":1.643455092},
{"learn":[0.0008874000733],"iteration":648,"passed_time":3.029631807,"remaining_time":1.638521979},
{"learn":[0.0008873914356],"iteration":649,"passed_time":3.033841142,"remaining_time":1.633606769},
{"learn":[0.0008873984799],"iteration":650,"passed_time":3.037873121,"remaining_time":1.628598647},
{"learn":[0.0008873970543],"iteration":651,"passed_time":3.042218233,"remaining_time":1.623760652},
{"learn":[0.0008873925258],"iteration":652,"passed_time":3.046956085,"remaining_time":1.619132866},
{"learn":[0.0008874051889],"iteration":653,"passed_time":3.051436601,"remaining_time":1.614368599},
{"learn":[0.0008873882488],"iteration":654,"passed_time":3.055758019,"remaining_time":1.609521399},
{"learn":[0.0008873811206],"iteration":655,"passed_time":3.060585616,"remaining_time":1.604941238},
{"learn":[0.0008873860684],"iteration":656,"passed_time":3.064527579,"remaining_time":1.59989796},
{"learn":[0.0008873673673],"iteration":657,"passed_time":3.068239444,"remaining_time":1.594738434},
{"learn":[0.0008873889197],"iteration":658,"passed_time":3.072300138,"remaining_time":1.589763804},
{"learn":[0.0008873860684],"iteration":659,"passed_time":3.076155241,"remaining_time":1.584686033},
{"learn":[0.0008873859846],"iteration":660,"passed_time":3.079915009,"remaining_time":1.579563068},
{"learn":[0.0008873743278],"iteration":661,"passed_time":3.083560233,"remaining_time":1.574385738},
{"learn":[0.000887369967],"iteration":662,"passed_time":3.087338281,"remaining_time":1.569280544},
{"learn":[0.0008873828817],"iteration":663,"passed_time":3.091360054,"remaining_time":1.564302678},
{"learn":[0.0008873749987],"iteration":664,"passed_time":3.095485949,"remaining_time":1.55938014},
{"learn":[0.0008873770114],"iteration":665,"passed_time":3.099500947,"remaining_time":1.554404379},
{"learn":[0.0008873801142],"iteration":666,"passed_time":3.103559917,"remaining_time":1.549453452},
{"learn":[0.0008873729021],"iteration":667,"passed_time":3.107923144,"remaining_time":1.544656413},
{"learn":[0.000887374831],"iteration":668,"passed_time":3.111738024,"remaining_time":1.539589366},
{"learn":[0.0008873774307],"iteration":669,"passed_time":3.115617755,"remaining_time":1.534557999},
{"learn":[0.0008873885004],"iteration":670,"passed_time":3.119586478,"remaining_time":1.529573698},
{"learn":[0.0008873779338],"iteration":671,"passed_time":3.124142527,"remaining_time":1.52487909},
{"learn":[0.0008873781016],"iteration":672,"passed_time":3.127900968,"remaining_time":1.51979735},
{"learn":[0.0008873689607],"iteration":673,"passed_time":3.131636971,"remaining_time":1.514708683},
{"learn":[0.0008873774307],"iteration":674,"passed_time":3.135398189,"remaining_time":1.509636165},
{"learn":[0.0008873803658],"iteration":675,"passed_time":3.139758167,"remaining_time":1.504854506},
{"learn":[0.0008873769275],"iteration":676,"passed_time":3.143756719,"remaining_time":1.499901655},
{"learn":[0.000887375418],"iteration":677,"passed_time":3.147850148,"remaining_time":1.494996678},
{"learn":[0.0008873725667],"iteration":678,"passed_time":3.15278911,"remaining_time":1.490493821},
{"learn":[0.000887356633],"iteration":679,"passed_time":3.157946532,"remaining_time":1.486092485},
{"learn":[0.0008873787725],"iteration":680,"passed_time":3.162240168,"remaining_time":1.481284308},
{"learn":[0.0008873648514],"iteration":681,"passed_time":3.166704555,"remaining_time":1.476557256},
{"learn":[0.0008873625033],"iteration":682,"passed_time":3.171263548,"remaining_time":1.471874882},
{"learn":[0.0008873494209],"iteration":683,"passed_time":3.175659999,"remaining_time":1.467117778},
{"learn":[0.0008873460664],"iteration":684,"passed_time":3.179604097,"remaining_time":1.462153709},
{"learn":[0.0008873585618],"iteration":685,"passed_time":3.184287705,"remaining_time":1.457531107},
{"learn":[0.0008873498402],"iteration":686,"passed_time":3.188561907,"remaining_time":1.4527218},
{"learn":[0.0008873579748],"iteration":687,"passed_time":3.192711093,"remaining_time":1.447857356},
{"learn":[0.000887359652],"iteration":688,"passed_time":3.197425855,"remaining_time":1.443250277},
{"learn":[0.0008873506788],"iteration":689,"passed_time":3.20193331,"remaining_time":1.438549748},
{"learn":[0.0008873295457],"iteration":690,"passed_time":3.206365764,"remaining_time":1.433816239},
{"learn":[0.0008873277007],"iteration":691,"passed_time":3.210567681,"remaining_time":1.428980991},
{"learn":[0.000887336003],"iteration":692,"passed_time":3.21503401,"remaining_time":1.424264706},
{"learn":[0.0008873369255],"iteration":693,"passed_time":3.219254229,"remaining_time":1.419440625},
{"learn":[0.000887324514],"iteration":694,"passed_time":3.22341432,"remaining_time":1.414591896},
{"learn":[0.0008873158762],"iteration":695,"passed_time":3.227689434,"remaining_time":1.409795385},
{"learn":[0.0008873284555],"iteration":696,"passed_time":3.232115726,"remaining_time":1.40506609},
{"learn":[0.0008873312229],"iteration":697,"passed_time":3.236756697,"remaining_time":1.400430548},
{"learn":[0.0008873188953],"iteration":698,"passed_time":3.240860018,"remaining_time":1.39556347},
{"learn":[0.0008873277846],"iteration":699,"passed_time":3.245242488,"remaining_time":1.390818209},
{"learn":[0.0008873176373],"iteration":700,"passed_time":3.249239033,"remaining_time":1.385909374},
{"learn":[0.0008873308036],"iteration":701,"passed_time":3.253366811,"remaining_time":1.381058846},
{"learn":[0.0008873240947],"iteration":702,"passed_time":3.257776432,"remaining_time":1.376329446},
{"learn":[0.0008873173858],"iteration":703,"passed_time":3.262199635,"remaining_time":1.371606665},
{"learn":[0.0008873178051],"iteration":704,"passed_time":3.266506592,"remaining_time":1.366836092},
{"learn":[0.0008873041356],"iteration":705,"passed_time":3.270599309,"remaining_time":1.361977616},
{"learn":[0.0008873146183],"iteration":706,"passed_time":3.274903841,"remaining_time":1.357209088},
{"learn":[0.0008873096705],"iteration":707,"passed_time":3.279237278,"remaining_time":1.352453793},
{"learn":[0.0008872959172],"iteration":708,"passed_time":3.283370899,"remaining_time":1.347617675},
{"learn":[0.0008872808221],"iteration":709,"passed_time":3.288342997,"remaining_time":1.343126013},
{"learn":[0.000887286357],"iteration":710,"passed_time":3.292880331,"remaining_time":1.338456281},
{"learn":[0.0008872715135],"iteration":711,"passed_time":3.297117319,"remaining_time":1.333665433},
{"learn":[0.0008872568377],"iteration":712,"passed_time":3.301379756,"remaining_time":1.328886382},
{"learn":[0.0008872461872],"iteration":713,"passed_time":3.305329096,"remaining_time":1.323983363},
{"learn":[0.0008872395622],"iteration":714,"passed_time":3.309295987,"remaining_time":1.319090009},
{"learn":[0.0008872295826],"iteration":715,"passed_time":3.313282431,"remaining_time":1.314206998},
{"learn":[0.0008872184291],"iteration":716,"passed_time":3.317220212,"remaining_time":1.30930728},
{"learn":[0.0008872098752],"iteration":717,"passed_time":3.321176488,"remaining_time":1.304417506},
{"learn":[0.0008872267314],"iteration":718,"passed_time":3.325137095,"remaining_time":1.299532022},
{"learn":[0.0008872153262],"iteration":719,"passed_time":3.329059871,"remaining_time":1.294634394},
{"learn":[0.0008872067723],"iteration":720,"passed_time":3.333613713,"remaining_time":1.28998367},
{"learn":[0.0008872083657],"iteration":721,"passed_time":3.337567342,"remaining_time":1.285102107},
{"learn":[0.0008872109654],"iteration":722,"passed_time":3.341490111,"remaining_time":1.280211287},
{"learn":[0.0008872043403],"iteration":723,"passed_time":3.345381807,"remaining_time":1.275311296},
{"learn":[0.0008872061853],"iteration":724,"passed_time":3.349873837,"remaining_time":1.2706418},
{"learn":[0.0008871970443],"iteration":725,"passed_time":3.353745811,"remaining_time":1.265738777},
{"learn":[0.000887187568],"iteration":726,"passed_time":3.357693705,"remaining_time":1.2608671},
{"learn":[0.0008871973798],"iteration":727,"passed_time":3.361927076,"remaining_time":1.256104622},
{"learn":[0.0008871641706],"iteration":728,"passed_time":3.36605846,"remaining_time":1.251305683},
{"learn":[0.0008871848844],"iteration":729,"passed_time":3.369889841,"remaining_time":1.246397612},
{"learn":[0.0008871725567],"iteration":730,"passed_time":3.374025176,"remaining_time":1.24160434},
{"learn":[0.0008871459726],"iteration":731,"passed_time":3.378690011,"remaining_time":1.237006725},
{"learn":[0.0008871526815],"iteration":732,"passed_time":3.383011992,"remaining_time":1.232284041},
{"learn":[0.0008871544426],"iteration":733,"passed_time":3.386999611,"remaining_time":1.227441276},
{"learn":[0.000887133645],"iteration":734,"passed_time":3.390975168,"remaining_time":1.222596489},
{"learn":[0.0008871466435],"iteration":735,"passed_time":3.395459342,"remaining_time":1.217936503},
{"learn":[0.0008871363285],"iteration":736,"passed_time":3.39935882,"remaining_time":1.213068344},
{"learn":[0.0008871315484],"iteration":737,"passed_time":3.403246657,"remaining_time":1.208198678},
{"learn":[0.0008871337288],"iteration":738,"passed_time":3.407121678,"remaining_time":1.203327142},
{"learn":[0.0008871377542],"iteration":739,"passed_time":3.411355899,"remaining_time":1.198584505},
{"learn":[0.0008871172919],"iteration":740,"passed_time":3.415077958,"remaining_time":1.193664226},
{"learn":[0.0008871104153],"iteration":741,"passed_time":3.418971861,"remaining_time":1.188806927},
{"learn":[0.0008870909594],"iteration":742,"passed_time":3.422798678,"remaining_time":1.183929018},
{"learn":[0.0008870943977],"iteration":743,"passed_time":3.426966248,"remaining_time":1.179171182},
{"learn":[0.000887091798],"iteration":744,"passed_time":3.430727145,"remaining_time":1.174275734},
{"learn":[0.0008870878565],"iteration":745,"passed_time":3.434924323,"remaining_time":1.169531874},
{"learn":[0.0008870795542],"iteration":746,"passed_time":3.438790932,"remaining_time":1.164677518},
{"learn":[0.0008870792188],"iteration":747,"passed_time":3.44283517,"remaining_time":1.159885645},
{"learn":[0.0008870775415],"iteration":748,"passed_time":3.44672361,"remaining_time":1.155043559},
{"learn":[0.0008870692392],"iteration":749,"passed_time":3.450541788,"remaining_time":1.150180596},
{"learn":[0.0008870733485],"iteration":750,"passed_time":3.454665547,"remaining_time":1.145421733},
{"learn":[0.0008870728453],"iteration":751,"passed_time":3.458768608,"remaining_time":1.140657733},
{"learn":[0.000887054815],"iteration":752,"passed_time":3.463030101,"remaining_time":1.135947457},
{"learn":[0.0008870621949],"iteration":753,"passed_time":3.466967124,"remaining_time":1.13113251},
{"learn":[0.0008870483577],"iteration":754,"passed_time":3.471882701,"remaining_time":1.126637433},
{"learn":[0.0008870481061],"iteration":755,"passed_time":3.476769835,"remaining_time":1.122132063},
{"learn":[0.0008870516283],"iteration":756,"passed_time":3.482052803,"remaining_time":1.117752749},
{"learn":[0.0008870424874],"iteration":757,"passed_time":3.486835738,"remaining_time":1.11321141},
{"learn":[0.0008870341012],"iteration":758,"passed_time":3.491483274,"remaining_time":1.108626441},
{"learn":[0.0008870345205],"iteration":759,"passed_time":3.495753988,"remaining_time":1.103922312},
{"learn":[0.000887038462],"iteration":760,"passed_time":3.500286892,"remaining_time":1.099301665},
{"learn":[0.0008870400554],"iteration":761,"passed_time":3.504585129,"remaining_time":1.094607954},
{"learn":[0.0008870389652],"iteration":762,"passed_time":3.50879742,"remaining_time":1.089888583},
{"learn":[0.0008870143937],"iteration":763,"passed_time":3.513214498,"remaining_time":1.085233798},
{"learn":[0.0008870129681],"iteration":764,"passed_time":3.517590603,"remaining_time":1.080567048},
{"learn":[0.0008870167419],"iteration":765,"passed_time":3.521653252,"remaining_time":1.075805301},
{"learn":[0.0008870103684],"iteration":766,"passed_time":3.525548899,"remaining_time":1.070994646},
{"learn":[0.0008870200963],"iteration":767,"passed_time":3.529700521,"remaining_time":1.066263699},
{"learn":[0.0008870109554],"iteration":768,"passed_time":3.53359326,"remaining_time":1.061456493},
{"learn":[0.0008870173289],"iteration":769,"passed_time":3.537918409,"remaining_time":1.056780823},
{"learn":[0.0008870149808],"iteration":770,"passed_time":3.541776299,"remaining_time":1.051967279},
{"learn":[0.0008870082718],"iteration":771,"passed_time":3.546026226,"remaining_time":1.047271994},
{"learn":[0.0008870133035],"iteration":772,"passed_time":3.550176294,"remaining_time":1.042548537},
{"learn":[0.0008869946863],"iteration":773,"passed_time":3.554669629,"remaining_time":1.037926791},
{"learn":[0.0008870043303],"iteration":774,"passed_time":3.559623914,"remaining_time":1.033439201},
{"learn":[0.0008869942669],"iteration":775,"passed_time":3.563863136,"remaining_time":1.028743998},
{"learn":[0.0008870002211],"iteration":776,"passed_time":3.568091864,"remaining_time":1.024046957},
{"learn":[0.0008870001373],"iteration":777,"passed_time":3.572216464,"remaining_time":1.019321408},
{"learn":[0.0008869919188],"iteration":778,"passed_time":3.576676913,"remaining_time":1.01469268},
{"learn":[0.0008869805136],"iteration":779,"passed_time":3.580810313,"remaining_time":1.00997214},
{"learn":[0.0008869922543],"iteration":780,"passed_time":3.585120167,"remaining_time":1.005302582},
{"learn":[0.0008869639929],"iteration":781,"passed_time":3.589506144,"remaining_time":1.000655166},
{"learn":[0.0008869685214],"iteration":782,"passed_time":3.593898006,"remaining_time":0.9960100475},
{"learn":[0.000886963322],"iteration":783,"passed_time":3.598041118,"remaining_time":0.9912970427},
{"learn":[0.000886970618],"iteration":784,"passed_time":3.60226302,"remaining_time":0.9866070693},
{"learn":[0.0008869581226],"iteration":785,"passed_time":3.606814205,"remaining_time":0.9820079388},
{"learn":[0.0008869655024],"iteration":786,"passed_time":3.610978246,"remaining_time":0.9773041503},
{"learn":[0.0008869585419],"iteration":787,"passed_time":3.615174259,"remaining_time":0.9726103336},
{"learn":[0.0008869514137],"iteration":788,"passed_time":3.619261243,"remaining_time":0.9678886214},
{"learn":[0.0008869575356],"iteration":789,"passed_time":3.623606628,"remaining_time":0.9632372049},
{"learn":[0.0008869582065],"iteration":790,"passed_time":3.62774104,"remaining_time":0.9585308185},
{"learn":[0.000886956026],"iteration":791,"passed_time":3.63196621,"remaining_time":0.9538497118},
{"learn":[0.0008869590451],"iteration":792,"passed_time":3.636692727,"remaining_time":0.9493006235},
{"learn":[0.0008869482269],"iteration":793,"passed_time":3.64099373,"remaining_time":0.9446406907},
{"learn":[0.0008869371572],"iteration":794,"passed_time":3.645389761,"remaining_time":0.9400061647},
{"learn":[0.0008869259197],"iteration":795,"passed_time":3.649778815,"remaining_time":0.9353704502},
{"learn":[0.0008869306998],"iteration":796,"passed_time":3.654232498,"remaining_time":0.9307518156},
{"learn":[0.0008869380797],"iteration":797,"passed_time":3.658266521,"remaining_time":0.9260273649},
{"learn":[0.0008869322932],"iteration":798,"passed_time":3.662279836,"remaining_time":0.9212994332},
{"learn":[0.000886926339],"iteration":799,"passed_time":3.666710206,"remaining_time":0.9166775514},
{"learn":[0.0008869309514],"iteration":800,"passed_time":3.671003171,"remaining_time":0.9120220112},
{"learn":[0.000886920301],"iteration":801,"passed_time":3.675096219,"remaining_time":0.9073180191},
{"learn":[0.0008869020192],"iteration":802,"passed_time":3.679219666,"remaining_time":0.9026230065},
{"learn":[0.000886900929],"iteration":803,"passed_time":3.683526543,"remaining_time":0.8979741323},
{"learn":[0.000886907554],"iteration":804,"passed_time":3.688439285,"remaining_time":0.8934728704},
{"learn":[0.0008868993356],"iteration":805,"passed_time":3.692737192,"remaining_time":0.8888225995},
{"learn":[0.0008869016837],"iteration":806,"passed_time":3.697155203,"remaining_time":0.8842019258},
{"learn":[0.0008869064638],"iteration":807,"passed_time":3.701485643,"remaining_time":0.879560945},
{"learn":[0.0008869058768],"iteration":808,"passed_time":3.705849641,"remaining_time":0.8749286544},
{"learn":[0.0008869151016],"iteration":809,"passed_time":3.710148509,"remaining_time":0.8702817491},
{"learn":[0.0008869087281],"iteration":810,"passed_time":3.714581424,"remaining_time":0.865666941},
{"learn":[0.0008869099022],"iteration":811,"passed_time":3.718818812,"remaining_time":0.8610073112},
{"learn":[0.0008869053736],"iteration":812,"passed_time":3.722966896,"remaining_time":0.856328179},
{"learn":[0.000886890027],"iteration":813,"passed_time":3.727394909,"remaining_time":0.8517143159},
{"learn":[0.0008868969036],"iteration":814,"passed_time":3.731588206,"remaining_time":0.8470476297},
{"learn":[0.0008868988324],"iteration":815,"passed_time":3.735877293,"remaining_time":0.8424037033},
{"learn":[0.0008868826471],"iteration":816,"passed_time":3.7399001,"remaining_time":0.8377010017},
{"learn":[0.000886880886],"iteration":817,"passed_time":3.744138721,"remaining_time":0.8330479794},
{"learn":[0.0008868870918],"iteration":818,"passed_time":3.748039489,"remaining_time":0.8283213034},
{"learn":[0.0008868794604],"iteration":819,"passed_time":3.752117753,"remaining_time":0.8236356043},
{"learn":[0.0008868919558],"iteration":820,"passed_time":3.756273014,"remaining_time":0.8189681723},
{"learn":[0.0008868795443],"iteration":821,"passed_time":3.760545431,"remaining_time":0.8143273562},
{"learn":[0.000886863946],"iteration":822,"passed_time":3.764800911,"remaining_time":0.8096837924},
{"learn":[0.0008868634428],"iteration":823,"passed_time":3.768735006,"remaining_time":0.8049725255},
{"learn":[0.0008868535472],"iteration":824,"passed_time":3.772929035,"remaining_time":0.8003182801},
{"learn":[0.0008868642814],"iteration":825,"passed_time":3.777412359,"remaining_time":0.7957260903},
{"learn":[0.0008868652878],"iteration":826,"passed_time":3.782052147,"remaining_time":0.7911668942},
{"learn":[0.000886866378],"iteration":827,"passed_time":3.786326149,"remaining_time":0.7865315189},
{"learn":[0.0008868711581],"iteration":828,"passed_time":3.790736237,"remaining_time":0.7819250863},
{"learn":[0.0008868617656],"iteration":829,"passed_time":3.794977493,"remaining_time":0.7772845468},
{"learn":[0.0008868443224],"iteration":830,"passed_time":3.799624498,"remaining_time":0.7727274852},
{"learn":[0.0008868423936],"iteration":831,"passed_time":3.805139206,"remaining_time":0.7683454166},
{"learn":[0.0008868390391],"iteration":832,"passed_time":3.809604686,"remaining_time":0.7637502792},
{"learn":[0.0008868306529],"iteration":833,"passed_time":3.814282841,"remaining_time":0.7591977838},
{"learn":[0.0008868341751],"iteration":834,"passed_time":3.818697054,"remaining_time":0.754592831},
{"learn":[0.0008868272985],"iteration":835,"passed_time":3.823162794,"remaining_time":0.7499984427},
{"learn":[0.0008868131259],"iteration":836,"passed_time":3.827563335,"remaining_time":0.745391665},
{"learn":[0.0008868229377],"iteration":837,"passed_time":3.832554195,"remaining_time":0.7408994983},
{"learn":[0.0008868135452],"iteration":838,"passed_time":3.837454469,"remaining_time":0.7363887598},
{"learn":[0.0008868002112],"iteration":839,"passed_time":3.841774786,"remaining_time":0.7317666259},
{"learn":[0.0008867933345],"iteration":840,"passed_time":3.846240977,"remaining_time":0.7271727888},
{"learn":[0.0008867872126],"iteration":841,"passed_time":3.850689197,"remaining_time":0.7225758826},
{"learn":[0.0008867873803],"iteration":842,"passed_time":3.854976219,"remaining_time":0.7179493076},
{"learn":[0.0008867685115],"iteration":843,"passed_time":3.859367629,"remaining_time":0.7133428318},
{"learn":[0.0008867758913],"iteration":844,"passed_time":3.863980266,"remaining_time":0.7087774453},
{"learn":[0.0008867779878],"iteration":845,"passed_time":3.867919493,"remaining_time":0.7040893639},
{"learn":[0.0008867646538],"iteration":846,"passed_time":3.871753568,"remaining_time":0.6993840566},
{"learn":[0.0008867537518],"iteration":847,"passed_time":3.8757002,"remaining_time":0.6947009792},
{"learn":[0.0008867638991],"iteration":848,"passed_time":3.879898298,"remaining_time":0.6900643616},
{"learn":[0.0008867587835],"iteration":849,"passed_time":3.883648211,"remaining_time":0.6853496844},
{"learn":[0.0008867418435],"iteration":850,"passed_time":3.887626457,"remaining_time":0.6806772527},
{"learn":[0.000886736057],"iteration":851,"passed_time":3.891423867,"remaining_time":0.675975038},
{"learn":[0.0008867499781],"iteration":852,"passed_time":3.896146164,"remaining_time":0.671434333},
{"learn":[0.0008867143369],"iteration":853,"passed_time":3.900641993,"remaining_time":0.6668544859},
{"learn":[0.000886711234],"iteration":854,"passed_time":3.905052767,"remaining_time":0.6622604108},
{"learn":[0.0008867174397],"iteration":855,"passed_time":3.910855774,"remaining_time":0.6579009714},
{"learn":[0.0008867068732],"iteration":856,"passed_time":3.915305677,"remaining_time":0.6533123825},
{"learn":[0.0008867103115],"iteration":857,"passed_time":3.919954746,"remaining_time":0.6487570792},
{"learn":[0.0008866904363],"iteration":858,"passed_time":3.924730976,"remaining_time":0.6442224303},
{"learn":[0.0008866947132],"iteration":859,"passed_time":3.929339392,"remaining_time":0.6396599011},
{"learn":[0.0008866972291],"iteration":860,"passed_time":3.933888353,"remaining_time":0.6350876667},
{"learn":[0.0008866972291],"iteration":861,"passed_time":3.938332563,"remaining_time":0.6304987167},
{"learn":[0.0008867007513],"iteration":862,"passed_time":3.942849472,"remaining_time":0.6259216427},
{"learn":[0.0008867044412],"iteration":863,"passed_time":3.946686693,"remaining_time":0.6212377202},
{"learn":[0.0008866928683],"iteration":864,"passed_time":3.950564881,"remaining_time":0.6165621491},
{"learn":[0.0008866838112],"iteration":865,"passed_time":3.954577566,"remaining_time":0.6119092307},
{"learn":[0.0008866911072],"iteration":866,"passed_time":3.958415089,"remaining_time":0.6072309191},
{"learn":[0.0008866937908],"iteration":867,"passed_time":3.962248153,"remaining_time":0.6025538666},
{"learn":[0.0008866771862],"iteration":868,"passed_time":3.966073719,"remaining_time":0.5978776263},
{"learn":[0.0008866949648],"iteration":869,"passed_time":3.970543346,"remaining_time":0.5932995805},
{"learn":[0.000886685153],"iteration":870,"passed_time":3.974802865,"remaining_time":0.5886906654},
{"learn":[0.0008866688],"iteration":871,"passed_time":3.979091209,"remaining_time":0.584086783},
{"learn":[0.0008866790311],"iteration":872,"passed_time":3.98349152,"remaining_time":0.5794999118},
{"learn":[0.0008866686323],"iteration":873,"passed_time":3.987658257,"remaining_time":0.5748797945},
{"learn":[0.0008866656971],"iteration":874,"passed_time":3.991689493,"remaining_time":0.5702413561},
{"learn":[0.0008866632651],"iteration":875,"passed_time":3.995655732,"remaining_time":0.5655951036},
{"learn":[0.0008866688],"iteration":876,"passed_time":3.999896678,"remaining_time":0.5609889297},
{"learn":[0.0008866536211],"iteration":877,"passed_time":4.003922541,"remaining_time":0.5563537016},
{"learn":[0.0008866613363],"iteration":878,"passed_time":4.007979326,"remaining_time":0.5517241166},
{"learn":[0.0008866515245],"iteration":879,"passed_time":4.012151114,"remaining_time":0.5471115156},
{"learn":[0.0008866401193],"iteration":880,"passed_time":4.016333046,"remaining_time":0.5425012854},
{"learn":[0.0008866525309],"iteration":881,"passed_time":4.02057751,"remaining_time":0.5379003924},
{"learn":[0.0008866480862],"iteration":882,"passed_time":4.024606902,"remaining_time":0.5332718092},
{"learn":[0.0008866284626],"iteration":883,"passed_time":4.028973956,"remaining_time":0.5286888902},
{"learn":[0.0008866308107],"iteration":884,"passed_time":4.033408265,"remaining_time":0.5241151982},
{"learn":[0.0008866112709],"iteration":885,"passed_time":4.03799453,"remaining_time":0.519561373},
{"learn":[0.0008866114387],"iteration":886,"passed_time":4.042541556,"remaining_time":0.5150024756},
{"learn":[0.0008866097614],"iteration":887,"passed_time":4.047315821,"remaining_time":0.5104722657},
{"learn":[0.0008866259467],"iteration":888,"passed_time":4.051534516,"remaining_time":0.5058721387},
{"learn":[0.0008866003689],"iteration":889,"passed_time":4.056040679,"remaining_time":0.5013083985},
{"learn":[0.0008866065747],"iteration":890,"passed_time":4.060592678,"remaining_time":0.4967503949},
{"learn":[0.0008865931568],"iteration":891,"passed_time":4.064815492,"remaining_time":0.4921525484},
{"learn":[0.0008865905571],"iteration":892,"passed_time":4.069125075,"remaining_time":0.4875659385},
{"learn":[0.0008865913119],"iteration":893,"passed_time":4.073278642,"remaining_time":0.4829614497},
{"learn":[0.0008865960081],"iteration":894,"passed_time":4.077700099,"remaining_time":0.478389397},
{"learn":[0.0008865773908],"iteration":895,"passed_time":4.082046117,"remaining_time":0.4738089243},
{"learn":[0.0008865746234],"iteration":896,"passed_time":4.086815792,"remaining_time":0.4692776216},
{"learn":[0.0008865762168],"iteration":897,"passed_time":4.091296295,"remaining_time":0.4647129422},
{"learn":[0.0008865682499],"iteration":898,"passed_time":4.095420384,"remaining_time":0.460108408},
{"learn":[0.0008865606185],"iteration":899,"passed_time":4.099902191,"remaining_time":0.4555446879},
{"learn":[0.0008865604508],"iteration":900,"passed_time":4.104234165,"remaining_time":0.4509646863},
{"learn":[0.000886542756],"iteration":901,"passed_time":4.108407988,"remaining_time":0.4463680519},
{"learn":[0.000886537892],"iteration":902,"passed_time":4.112556914,"remaining_time":0.4417696795},
{"learn":[0.0008865383952],"iteration":903,"passed_time":4.116909976,"remaining_time":0.4371939797},
{"learn":[0.0008865157526],"iteration":904,"passed_time":4.12151829,"remaining_time":0.4326455664},
{"learn":[0.0008865302606],"iteration":905,"passed_time":4.125714574,"remaining_time":0.4280542715},
{"learn":[0.0008865030895],"iteration":906,"passed_time":4.129899753,"remaining_time":0.4234627089},
{"learn":[0.000886519107],"iteration":907,"passed_time":4.134706883,"remaining_time":0.4189350587},
{"learn":[0.0008864971353],"iteration":908,"passed_time":4.138972115,"remaining_time":0.414352544},
{"learn":[0.0008864892523],"iteration":909,"passed_time":4.143184466,"remaining_time":0.4097654966},
{"learn":[0.0008864964644],"iteration":910,"passed_time":4.147456803,"remaining_time":0.4051851323},
{"learn":[0.0008864947872],"iteration":911,"passed_time":4.152198524,"remaining_time":0.4006507348},
{"learn":[0.0008864862333],"iteration":912,"passed_time":4.156620745,"remaining_time":0.3960854379},
{"learn":[0.0008864940324],"iteration":913,"passed_time":4.16134437,"remaining_time":0.3915488138},
{"learn":[0.0008864642615],"iteration":914,"passed_time":4.166190239,"remaining_time":0.387023137},
{"learn":[0.0008864717252],"iteration":915,"passed_time":4.171294168,"remaining_time":0.3825204259},
{"learn":[0.000886476086],"iteration":916,"passed_time":4.175902173,"remaining_time":0.3779715162},
{"learn":[0.0008864692932],"iteration":917,"passed_time":4.180492037,"remaining_time":0.3734208574},
{"learn":[0.0008864540304],"iteration":918,"passed_time":4.184954049,"remaining_time":0.3688588443},
{"learn":[0.0008864577203],"iteration":919,"passed_time":4.189247184,"remaining_time":0.3642823638},
{"learn":[0.0008864535272],"iteration":920,"passed_time":4.193710809,"remaining_time":0.3597211226},
{"learn":[0.000886457888],"iteration":921,"passed_time":4.198481366,"remaining_time":0.3551860592},
{"learn":[0.0008864417027],"iteration":922,"passed_time":4.20298749,"remaining_time":0.3506284255},
{"learn":[0.0008864412834],"iteration":923,"passed_time":4.207212731,"remaining_time":0.3460478004},
{"learn":[0.0008864509275],"iteration":924,"passed_time":4.211672164,"remaining_time":0.3414869323},
{"learn":[0.0008864367549],"iteration":925,"passed_time":4.216313436,"remaining_time":0.3369408145},
{"learn":[0.0008864318071],"iteration":926,"passed_time":4.220661166,"remaining_time":0.3323713755},
{"learn":[0.000886422163],"iteration":927,"passed_time":4.22511562,"remaining_time":0.3278106947},
{"learn":[0.0008864170474],"iteration":928,"passed_time":4.230275056,"remaining_time":0.3233041216},
{"learn":[0.0008864249304],"iteration":929,"passed_time":4.234583506,"remaining_time":0.3187320919},
{"learn":[0.0008864121835],"iteration":930,"passed_time":4.238968281,"remaining_time":0.3141662851},
{"learn":[0.0008864225823],"iteration":931,"passed_time":4.243778639,"remaining_time":0.3096319179},
{"learn":[0.0008864021201],"iteration":932,"passed_time":4.248018703,"remaining_time":0.3050560055},
{"learn":[0.0008864041327],"iteration":933,"passed_time":4.252395881,"remaining_time":0.3004905012},
{"learn":[0.0008863998558],"iteration":934,"passed_time":4.256965338,"remaining_time":0.2959387668},
{"learn":[0.000886389457],"iteration":935,"passed_time":4.261330778,"remaining_time":0.2913730447},
{"learn":[0.0008863824964],"iteration":936,"passed_time":4.265869515,"remaining_time":0.2868194018},
{"learn":[0.0008863746973],"iteration":937,"passed_time":4.270165339,"remaining_time":0.2822497345},
{"learn":[0.0008863658918],"iteration":938,"passed_time":4.274517439,"remaining_time":0.2776843065},
{"learn":[0.0008863414881],"iteration":939,"passed_time":4.278822421,"remaining_time":0.2731163248},
{"learn":[0.0008863677368],"iteration":940,"passed_time":4.283113642,"remaining_time":0.2685480392},
{"learn":[0.0008863440878],"iteration":941,"passed_time":4.287920693,"remaining_time":0.2640121021},
{"learn":[0.0008863331858],"iteration":942,"passed_time":4.29231955,"remaining_time":0.2594509166},
{"learn":[0.00088633914],"iteration":943,"passed_time":4.296493473,"remaining_time":0.2548767314},
{"learn":[0.0008863380498],"iteration":944,"passed_time":4.300691942,"remaining_time":0.250304822},
{"learn":[0.0008863242126],"iteration":945,"passed_time":4.305134246,"remaining_time":0.2457476208},
{"learn":[0.0008863332697],"iteration":946,"passed_time":4.309641301,"remaining_time":0.2411942861},
{"learn":[0.0008863080273],"iteration":947,"passed_time":4.313893122,"remaining_time":0.2366270489},
{"learn":[0.000886296119],"iteration":948,"passed_time":4.318879552,"remaining_time":0.2320999549},
{"learn":[0.0008862951965],"iteration":949,"passed_time":4.323495315,"remaining_time":0.227552385},
{"learn":[0.0008862865588],"iteration":950,"passed_time":4.328345727,"remaining_time":0.2230167619},
{"learn":[0.0008862865588],"iteration":951,"passed_time":4.333045029,"remaining_time":0.2184728586},
{"learn":[0.0008862778371],"iteration":952,"passed_time":4.337274439,"remaining_time":0.213905455},
{"learn":[0.0008862717152],"iteration":953,"passed_time":4.341554063,"remaining_time":0.2093411812},
{"learn":[0.0008862717152],"iteration":954,"passed_time":4.345615248,"remaining_time":0.2047672107},
{"learn":[0.0008862717152],"iteration":955,"passed_time":4.350241525,"remaining_time":0.2002203212},
{"learn":[0.0008862660965],"iteration":956,"passed_time":4.354622943,"remaining_time":0.1956622639},
{"learn":[0.0008862707928],"iteration":957,"passed_time":4.359410428,"remaining_time":0.1911223779},
{"learn":[0.0008862565363],"iteration":958,"passed_time":4.363888306,"remaining_time":0.1865687388},
{"learn":[0.000886266432],"iteration":959,"passed_time":4.368160874,"remaining_time":0.1820067031},
{"learn":[0.0008862494081],"iteration":960,"passed_time":4.372484189,"remaining_time":0.1774473292},
{"learn":[0.0008862588006],"iteration":961,"passed_time":4.376767822,"remaining_time":0.1728868786},
{"learn":[0.0008862405187],"iteration":962,"passed_time":4.381083219,"remaining_time":0.1683282234},
{"learn":[0.0008862297844],"iteration":963,"passed_time":4.385328224,"remaining_time":0.1637674441},
{"learn":[0.0008862461375],"iteration":964,"passed_time":4.389658835,"remaining_time":0.1592104241},
{"learn":[0.0008862431184],"iteration":965,"passed_time":4.394097614,"remaining_time":0.15465768},
{"learn":[0.0008862283588],"iteration":966,"passed_time":4.398210337,"remaining_time":0.1500940446},
{"learn":[0.0008862283588],"iteration":967,"passed_time":4.40200305,"remaining_time":0.145520762},
{"learn":[0.0008862283588],"iteration":968,"passed_time":4.405827163,"remaining_time":0.140950095},
{"learn":[0.0008862283588],"iteration":969,"passed_time":4.409929574,"remaining_time":0.1363895744},
{"learn":[0.0008862283588],"iteration":970,"passed_time":4.460923714,"remaining_time":0.1332304714},
{"learn":[0.0008862283588],"iteration":971,"passed_time":4.465051832,"remaining_time":0.1286228923},
{"learn":[0.0008862283588],"iteration":972,"passed_time":4.469104006,"remaining_time":0.1240141913},
{"learn":[0.0008862410219],"iteration":973,"passed_time":4.474516641,"remaining_time":0.1194429494},
{"learn":[0.0008862317971],"iteration":974,"passed_time":4.478627069,"remaining_time":0.1148365915},
{"learn":[0.0008862195533],"iteration":975,"passed_time":4.482667797,"remaining_time":0.110229536},
{"learn":[0.0008862278556],"iteration":976,"passed_time":4.487145593,"remaining_time":0.105633929},
{"learn":[0.0008862137669],"iteration":977,"passed_time":4.491355318,"remaining_time":0.1010325327},
{"learn":[0.0008862137669],"iteration":978,"passed_time":4.495458328,"remaining_time":0.09642964749},
{"learn":[0.0008862089868],"iteration":979,"passed_time":4.499851013,"remaining_time":0.09183369415},
{"learn":[0.0008862089868],"iteration":980,"passed_time":4.504140831,"remaining_time":0.08723616288},
{"learn":[0.0008862089868],"iteration":981,"passed_time":4.508187944,"remaining_time":0.08263480956},
{"learn":[0.0008862089868],"iteration":982,"passed_time":4.512314318,"remaining_time":0.07803595463},
{"learn":[0.0008862089868],"iteration":983,"passed_time":4.516826903,"remaining_time":0.07344433989},
{"learn":[0.000886216702],"iteration":984,"passed_time":4.521237237,"remaining_time":0.06885132848},
{"learn":[0.00088622643],"iteration":985,"passed_time":4.525623054,"remaining_time":0.06425833951},
{"learn":[0.00088622643],"iteration":986,"passed_time":4.530370518,"remaining_time":0.05967053367},
{"learn":[0.00088622643],"iteration":987,"passed_time":4.534694965,"remaining_time":0.05507726678},
{"learn":[0.00088622643],"iteration":988,"passed_time":4.539958339,"remaining_time":0.05049498658},
{"learn":[0.00088622643],"iteration":989,"passed_time":4.544266499,"remaining_time":0.0459016818},
{"learn":[0.00088622643],"iteration":990,"passed_time":4.548708324,"remaining_time":0.04131016641},
{"learn":[0.00088622643],"iteration":991,"passed_time":4.552828183,"remaining_time":0.03671635632},
{"learn":[0.00088622643],"iteration":992,"passed_time":4.556892495,"remaining_time":0.03212310923},
{"learn":[0.00088622643],"iteration":993,"passed_time":4.561187214,"remaining_time":0.02753231719},
{"learn":[0.00088622643],"iteration":994,"passed_time":4.565371822,"remaining_time":0.02294156694},
{"learn":[0.0008862109994],"iteration":995,"passed_time":4.569607035,"remaining_time":0.01835183548},
{"learn":[0.0008862092383],"iteration":996,"passed_time":4.573757033,"remaining_time":0.01376255877},
{"learn":[0.0008862092383],"iteration":997,"passed_time":4.57808997,"remaining_time":0.009174528998},
{"learn":[0.000886200349],"iteration":998,"passed_time":4.58246434,"remaining_time":0.004587051392},
{"learn":[0.0008862126767],"iteration":999,"passed_time":4.586713966,"remaining_time":0}
]}